Sonnet,Line,SH_value_m,SL_value_m,SH_value_v,SL_value_v,SH_value_r,SL_value_r
1,1,0,0,0,0,0,0
1,2,0.341640786,0,0.305675315,0,0.569193787,0
1,3,0,0,0,0,0,0
1,4,0.341640786,0,0,0,0,0
1,5,0,0,0.593017005,0,0,0
1,6,0,0,0,0,0,0
1,7,0,0,0,0.105334304,0,0
1,8,0,0,0,0.610818516,0,0.427765599
1,9,0.341640786,0,0,0,0,0
1,10,0.683281573,0,0,0,0,0
1,11,0,0,0,0,0,0
1,12,0,0,0,0.105334304,0,0.444764178
1,13,0,0,0,0,0,1.185476812
1,14,0,0,0,0,0,0.541018684
2,1,0,0,0,0,0,0
2,2,0,0.249390095,0,0.031874083,0,0
2,3,0,0,0.119693154,0,0.291934794,0
2,4,0,0.249390095,0,0,0,0.40400068
2,5,0,0,0,0,0,0
2,6,0,0,0,0,0,0
2,7,0,0.249390095,0,0.031874083,0,0
2,8,0,0.49878019,0,0,0,1.031012107
2,9,0,0,0.668981454,0,0.61712113,0
2,10,0,0,0.073290914,0,0.041509663,0
2,11,0,0,0,0.031874083,0,0
2,12,0,0,1.040890706,0,0.263991655,0
2,13,0,0,0,0.031874083,0,0
2,14,0,0,0,0,0,0
3,1,0,0,0,0,0,0
3,2,0,0,0,0,0,0
3,3,0,0,0,0,0,0
3,4,0,0,0,0,0,0
3,5,0,0,0.229361288,0,0,0
3,6,0,0,0,0,0,0
3,7,0,0,0.616491224,0,0,0
3,8,0,0,0,0.190441764,0,0
3,9,0,0,0,0,0,0
3,10,0.961161351,0,0.642835336,0,1.01523664,0
3,11,0.549509757,0,0,0,0.494761649,0
3,12,1.510671108,0,0,0,1.610596039,0
3,13,0,0,0,0,0.266821189,0
3,14,0,0,0,1.165173901,0,0.628817918
4,1,0,0,0,0,0,0
4,2,0,0,0,0,0,0
4,3,0,0,0,0,0,0
4,4,1.157277487,0,0.41126874,0,0,0
4,5,0,0,0,0,0,0.218024716
4,6,0,0,0,0,0,0
4,7,0,0,0,0.542434742,0,0.665502334
4,8,0,0,0.914055613,0,1.378073972,0
4,9,0,0,0,0.165683391,0.6396337,0
4,10,0,0,0,0,0,0
4,11,0,0,0,0,0,0
4,12,0,0,0,0,0,0
4,13,0,0,0.666389033,0,0,0
4,14,1.157277487,0,0,0,0,0
5,1,0,0,0,0,0,0
5,2,0.58113883,0,0.363042792,0,0.684112882,0
5,3,0,0,0,0,0,0.547716951
5,4,0,0,0,0,0,0.529283786
5,5,0,0,0,0,0,0
5,6,0,0,0,0,0,0
5,7,0,0,0,0,0,0
5,8,0,0,0.181829488,0,0.329913569,0
5,9,0,0,0,0,0,0
5,10,0,0,0,1.078853923,0,0.186944353
5,11,0,0,0.181829488,0,0,0
5,12,0,0,0,0,0,0
5,13,0.58113883,0,0,0,0,0
5,14,1.16227766,0,0.258418843,0,0.75426843,0
6,1,0,0,0,0,0,0
6,2,0,0.51636508,0,0,0,0
6,3,0,0,0.555824746,0,0,0
6,4,0,0.51636508,0.105029932,0,0,0
6,5,0,0,0,0,0,0
6,6,0,0,0,0,0,0
6,7,0,0,0,0,0,0
6,8,0,0,0.230422941,0,1.011685662,0
6,9,0,0,0.460845881,0,1.706162553,0
6,10,0,0,0,0,0.863433289,0
6,11,0,0,0,1.094758304,0,0
6,12,0,0,0,0.419590635,0,0
6,13,0,0,0,0,0,0
6,14,0,0.51636508,0,0,0,0.41987919
7,1,0,0,0,0,0,0
7,2,0,0,0,0,0,0.105997858
7,3,0,0,0,0,0,0
7,4,0,0,0,0,0,0
7,5,0,0,0.333650252,0,0.257300709,0
7,6,0,0,0.36631581,0,0.634335879,0
7,7,0,0,1.291882915,0,1.18156797,0
7,8,0,0,0,0,0.576772148,0
7,9,0,0.114941219,0,0.635690884,0,0
7,10,0,0.229882439,0,0,0,0.146674367
7,11,0,0.344823658,0,0,0,0
7,12,0,0.459764877,0,0.284739183,0,0.761144476
7,13,0,0.574706097,0,0,0,0
7,14,0,0.689647316,0,0,0,0
8,1,0,0,0,0,0,0
8,2,0.114941219,0,0,0.894819974,0.678670064,0
8,3,0,0,0,0.649889504,0,0
8,4,0,0,0,0,0,0
8,5,0.114941219,0,0,0,0,0
8,6,0,0,0,0,0,0.037829353
8,7,0,0,0.399434287,0,0,0.001660281
8,8,0,0,0,0,0,0
8,9,0.114941219,0,0,0,0,0
8,10,0.229882439,0,0,0.004094706,0,0
8,11,0.344823658,0,0.256269034,0,0.671662016,0
8,12,0.459764877,0,0.403044509,0,0.749116543,0
8,13,0,0,0,0,0,0
8,14,0,0,0,0,0,0
9,1,0,0,0,0,0,0
9,2,0,0,0,0,0,0
9,3,0,0,0,0.0697977,0,0
9,4,0,0,0.151937334,0,0,0
9,5,0,0,0,0.006194001,0,0
9,6,0,0,0,0,0,0
9,7,0,0,0,0,0,0
9,8,0.820930936,0,0,0,0,0
9,9,1.641861872,0,0,0,0,0
9,10,2.462792808,0,0.855047318,0,1.442340893,0
9,11,0.855815829,0,0,0.006194001,0.619380422,0
9,12,0,0,0,0.268190515,0,0.159212138
9,13,0,0,0.377672645,0,0,0
9,14,0,0,0,0,0,0.192484635
10,1,0,0,0,0,0,0
10,2,0,0,0,0,0,0
10,3,0.292486066,0,0.290519241,0,0.459653376,0
10,4,0,0,0,0,0,0
10,5,0,0,0,1.046372849,0,0.488543562
10,6,0,0,0,0.592691786,0,0
10,7,0,0,0,0.341500953,0,0
10,8,0,0,0,0,0,0
10,9,0,0,0,0,0,0
10,10,0,0,0,0,0,0.147104085
10,11,0.292486066,0,0.527369858,0,0.614492278,0
10,12,0.584972132,0,0,0,0.073931673,0
10,13,0.877458198,0,0.124225451,0,0,0
10,14,1.169944265,0,0.114681451,0,0.459797266,0
11,1,0,0,0,0,0,0
11,2,0,0,0,0,0,0
11,3,0,0,0,0,0,0
11,4,0,0,0,0,0,0
11,5,0,0,0.838559403,0,0.740115251,0
11,6,0,0.411773158,0,0.045666774,0,0.636611686
11,7,0,0.823546315,0,0,0,0
11,8,0,1.235319473,0,0,0,0
11,9,0,0.484455912,0,0,0,0
11,10,0,0.89622907,0,0.749454557,0,1.13938696
11,11,0,0,0.330331761,0,0.340550743,0
11,12,0,0,0.737515227,0,0.045220304,0
11,13,0,0,0,0,0,0
11,14,0,0,0,0.497399264,0,0
12,1,0,0,0,0,0,0
12,2,0,0,0.027829106,0,0,0.502320844
12,3,0,0,0,0,0.050559752,0
12,4,0,0,0,0,0,0
12,5,0,0,0,0,0,0
12,6,1.288585537,0,0,0,0,0
12,7,0,0,0,0,0,0
12,8,0,0,0,0,0,0
12,9,0,0,0.191567383,0,0.404897999,0
12,10,0,0,0,0,0,0.456713544
12,11,0,0,0.68693099,0,0,0
12,12,0,0,0,1.086793772,0,0.660915096
12,13,0,0,0,0.161708776,0,0.816356872
12,14,1.288585537,0,0.68693099,0,0,0
13,1,0,0,0,0,0,0
13,2,0,0.08012345,0,0.320189762,0,0
13,3,0,0.160246899,0,0,0,0
13,4,0.08012345,0,0,0,0,0
13,5,0,0,0.03341851,0,0,0
13,6,0.08012345,0,0,0,0,0.069852967
13,7,0.160246899,0,0,0,0,0
13,8,0.240370349,0,0.285113851,0,0.034847833,0
13,9,0,0.08012345,0,0,0,0.7630251
13,10,0.08012345,0,0,0,0,0
13,11,0,0.08012345,0,0,0,0
13,12,0,0.160246899,0,0.991548559,0,0.429815596
13,13,0,0.240370349,0.020576911,0,0.12011573,0
13,14,0.08012345,0,0,0,0,0
14,1,0,0,0,0,0,0
14,2,0,0,0,0,0,0
14,3,0,0,0,0,0,0
14,4,0,0.527525232,0,0.116540055,0,0
14,5,0,0,0,0,0,0.254252683
14,6,0,0.527525232,0,0,0,0
14,7,0,0,0,0,0,0
14,8,0,0,0.599668474,0,0.323670068,0
14,9,0,0,0,0,0,0
14,10,0.527525232,0,0,0,0.864636224,0
14,11,1.055050463,0,1.396948845,0,1.696974372,0
14,12,1.582575695,0,0.114549094,0,0.424901308,0
14,13,0.582575695,0,0,0,0,0
14,14,0,0.527525232,0,0.763800494,0,0.188179903
15,1,0,0,0,0,0,0
15,2,0,0.01695036,0,0,0.355866408,0
15,3,0,0,0,0,0,0
15,4,0,0,0,0,0,0
15,5,0,0,0,0,0,0
15,6,0,0,0.27325121,0,0,0
15,7,0,0.01695036,0,0,0,0
15,8,0,0.033900719,0.334230052,0,0,0
15,9,0,0.050851079,0,0,0,0.768743447
15,10,0.571650556,0,0.605794212,0,1.060044961,0
15,11,0,0.01695036,0,1.182847763,0,0.241397332
15,12,0,0.033900719,0,0.843496975,0,0.193317658
15,13,0.571650556,0,0,0.211750746,0,0.130396393
15,14,1.143301112,0,0,0,0,0
16,1,0,0,0,0,0,0
16,2,0,0.961161351,0,1.01859535,0,1.281967412
16,3,0,0,0,1.137320127,0,0.499719553
16,4,0,0,0.36285241,0,0.225762291,0
16,5,0,0,0.807945913,0,0.94774373,0
16,6,0,0,0,0,0,0
16,7,0,0,0.579930645,0,0.188268791,0
16,8,0,0,0,0,0.188640887,0
16,9,0,0,0,0,0,0
16,10,0,0,0,0,0,0
16,11,0,0,0,0.084298274,0,0
16,12,0,0.961161351,0,0,0,0
16,13,0,0,0,0,0,0
16,14,0,0,0,0,0,0
17,1,0,0,0,0,0,0
17,2,0,0,0,0,0,0
17,3,0,0.154700538,0,0,0,0
17,4,0,0.309401077,0,0.024296513,0,0.378318784
17,5,0,0,0.220724285,0,0.514498992,0
17,6,0,0,0.591351766,0,0.381866954,0
17,7,0,0.154700538,0,0.740304717,0,0.487176165
17,8,0,0,0.298615161,0,0,0
17,9,0,0.154700538,0,0,0,0
17,10,0,0.309401077,0.095804956,0,0,0.834697786
17,11,0,0,0,0.096014904,0,0
17,12,0,0,0,0,0,0
17,13,0,0,0.046719007,0,0,0
17,14,0,0,0,0,0.337400367,0
18,1,0,0,0,0,0,0
18,2,0,0,0.458397741,0,0.884853135,0
18,3,0,0.114941219,0.347353502,0,0,0
18,4,0,0.229882439,0,0,0,0.013703811
18,5,0,0.344823658,0.020008599,0,0,0
18,6,0,0.459764877,0,0,0,0
18,7,0,0.574706097,0.200931102,0,0,0.684529466
18,8,0,0.689647316,0,0,0,0
18,9,0,0,0,0,0.141403447,0
18,10,0,0,0.17657615,0,0,0
18,11,0,0,0.096458834,0,0,0
18,12,0,0,0,0,0,0
18,13,0,0,0,0,0,0
18,14,0,0,0,0,0.711885385,0
19,1,0,0,0,0,0,0
19,2,0,0,0,0,0,0
19,3,0,0,0,0,0,0
19,4,0,0,0,0,0,0
19,5,0,0,0,0,0,0
19,6,0,0,0,0,0,0
19,7,0,0,0,0,0,0
19,8,0,0,0,1.663182545,0,0.698879225
19,9,0,0,0,0.278369177,0,0
19,10,0,0,0,0,0,0
19,11,0.672856722,0,0,0,0,0
19,12,1.345713444,0,0,0,0,0
19,13,0,0,0,0.420503788,0,0.09904374
19,14,0.672856722,0,0.219992027,0,1.453424758,0
20,1,0,0,0,0,0,0
20,2,0,0,0,0,0.413757128,0
20,3,0,0,0,0,0,0
20,4,0,0,0,0,0,0.076145964
20,5,0,0,0,0,0.468939335,0
20,6,0,0,0,0,0,0
20,7,0,0,0,0,0,0
20,8,0,0,0,0.847681549,0,0.04379207
20,9,0,0,0,0,0,0
20,10,0,0.45999279,0,0,0,0
20,11,0,0.91998558,0,0.755144412,0,0.74562865
20,12,0,1.379978371,0,0.20903653,0,0.498865198
20,13,0,1.839971161,0.26855428,0,0,0.051568348
20,14,0,0.028864055,0.86358176,0,0.822284049,0
21,1,0,0,0,0,0,0
21,2,0,0,0,0,0,0
21,3,0,0,0,0,0,0
21,4,0,0,0,0,0,0
21,5,0,0,0,0,0,0
21,6,0,0,0,0,0.477225368,0
21,7,0,0,0,0,0,0
21,8,0,0,0,0,0,0
21,9,0.820930936,0,0.24549751,0,0,0
21,10,1.641861872,0,0.361391921,0,0.556210012,0
21,11,0.034884893,0,0,0.92368384,0,0.056984081
21,12,0,0,0,0.693128946,0,0
21,13,0,0,0,0,0,0
21,14,0.820930936,0,0,0.876170995,0,0.992750517
22,1,0,0,0,0,0,0
22,2,0,0,0,0,0.01889698,0
22,3,0,0.58113883,0,0,0,0
22,4,0,1.16227766,0,1.027687251,0,0
22,5,0,0,0.887812578,0,0.705346945,0
22,6,0,0,0,0,0,0
22,7,0,0,0,0,0,0
22,8,0,0,0,0,0,0
22,9,0,0,1.056285109,0,0,0
22,10,0,0,0.008645608,0,0,0
22,11,0,0,0,0,0.26897826,0
22,12,0,0,0,0.440015421,0,0
22,13,0,0.58113883,0,0,0,0.390547037
22,14,0,1.16227766,0,0,0,0.028908254
23,1,0,0,0,0,0,0
23,2,0,0,0,0.129720907,0,0
23,3,0,0,0,0.413907723,0,0.25214247
23,4,0,0,0,0.116232409,0,0
23,5,0,0,0,0,0,0.013511185
23,6,0,0,0.462873812,0,1.004321185,0
23,7,0,0,0,0,0,0
23,8,0,0,0,0,0,0
23,9,0.51636508,0,0,0,0.038259515,0
23,10,0,0,0,0.170344225,0,0.473546222
23,11,0.51636508,0,0.62098852,0,0,0
23,12,0,0,0,0,0,0
23,13,0.51636508,0,0.62098852,0,0,0
23,14,1.032730161,0,0.184797772,0,0.106691737,0
24,1,0,0,0,0,0,0
24,2,0,0,0,0,0.691262004,0
24,3,0,0,0,0,0,0
24,4,0,0,1.015540908,0,0.848642924,0
24,5,0,0,0,0,0.472606253,0
24,6,0,0,0,0,0,0
24,7,0,0,0,0,0,0
24,8,0,0,0,0,0,0
24,9,0,0,0.1707935,0,0.240565831,0
24,10,0,0,0,0,0,0
24,11,0,0,0,0,0,0
24,12,0,0,0.249894529,0,0,0
24,13,0,1.288585537,0.576740604,0,0,0.096836736
24,14,0,2.577171075,0,0,0,0.228704862
25,1,0,0,0,0,0,0
25,2,0.154700538,0,0.125079696,0,0,0
25,3,0,0,0,0,0,0
25,4,0,0,0.246027124,0,0.327151497,0
25,5,0.154700538,0,0.638156709,0,0.621366235,0
25,6,0,0,0,0,0,0
25,7,0,0,0,0.02376989,0,0.552408077
25,8,0,0,0,0.04753978,0,0.249989119
25,9,0.154700538,0,0,0.44558606,0,0.420376613
25,10,0,0,0,0.20840425,0,0
25,11,0,0,0,0,0,0
25,12,0,0,0,0,0,0.341021056
25,13,0.154700538,0,0.534674768,0,0.456506043,0
25,14,0.309401077,0,0,0,0,0
26,1,0,0,0,0,0,0
26,2,0,0,0,0,0,0
26,3,0,0,0,0.020699776,0,0.879500819
26,4,0,0,0,0.041399551,0,0.665329585
26,5,0,0.914854216,0,0,0,0
26,6,0,1.829708431,0,0.020699776,0,0
26,7,0,0.307475463,0.379651771,0,0.08655869,0
26,8,0,0,0,0.020699776,0,0
26,9,0,0,0,0.041399551,0,0
26,10,0,0,0,0,0,0
26,11,0,0,0,0,0,0.339910032
26,12,0,0,0.417669672,0,0.30720971,0
26,13,0,0,0.245336357,0,0.569293275,0
26,14,0,0.914854216,0,0.020699776,0,0
27,1,0,0,0,0,0,0
27,2,0,0.371988681,0,0,0,0.078347161
27,3,0.028991511,0,0,0,0,0
27,4,0.057983022,0,0,0,0,0
27,5,0,0,0,0,0,0
27,6,0.028991511,0,0,0,0,0
27,7,0,0,0,0,0,0
27,8,0,0.371988681,0,0.93291367,0,0.324709461
27,9,0,0,0.434480164,0,0,0
27,10,0.028991511,0,0,0,0,0
27,11,0.057983022,0,0.808880774,0,0,0.424350759
27,12,0.086974533,0,1.396280681,0,1.333051727,0
27,13,0,0,0.270284382,0,0.579129143,0
27,14,0,0.371988681,0,0.061207948,0.850340606,0
28,1,0,0,0,0,0,0
28,2,0,0,0,0,0,0
28,3,0,0,0,0,0,0.543672945
28,4,0,0,0,0.396741077,0,0.341148363
28,5,0,0,0,0.504410878,0,0
28,6,0,0,0,0.776541361,0,0.446016568
28,7,0,0,0,0.604417156,0,0.18251826
28,8,0,0,0,0,0,0
28,9,0.51636508,0,0.276588392,0,1.084497029,0
28,10,1.032730161,0,0.742939108,0,0.510839542,0
28,11,1.549095241,0,0.047944395,0,0.894641758,0
28,12,2.065460322,0,0,0,0.13043714,0
28,13,0.347182126,0,0,0.176827626,0,0
28,14,0,0,0,0,0,0
29,1,0,0,0,0,0,0
29,2,0,0,0,0,0,0
29,3,0,0,0,0,0,0.120879549
29,4,0,0,0,0.102957281,0,0.664478491
29,5,0,0,0.536234143,0,0.35609581,0
29,6,0,0,0.9044845,0,0,0
29,7,0,0,0,0,0.189020658,0
29,8,0,0,0.250846304,0,0.390702861,0
29,9,0,0,0,0.076375231,0,0.420262218
29,10,0,0,0,0,0,0
29,11,0.51636508,0,0,0,0,0
29,12,1.032730161,0,0,0,0,0
29,13,1.549095241,0,0.533649777,0,0.306565264,0
29,14,2.065460322,0,0,0,0,0
30,1,0,0,0,0,0,0
30,2,0,0,0,0,0,0
30,3,0,0,0,0,0,0.186852592
30,4,0,0,0,0,0,0.062110106
30,5,0,0,0,0,0,0
30,6,0,0,0.855763973,0,0,0
30,7,0,0,0,0.125015095,0,0.182710764
30,8,0,0,0,0,0,0.045479158
30,9,0,0,0,0,0,0
30,10,0,0,0,0,0,0
30,11,0,0,0,0,0,0.256627284
30,12,0,0,0,0,0,0
30,13,0.820930936,0,1.006927114,0,0.640598138,0
30,14,1.641861872,0,0,0,0.933083635,0
31,1,0,0,0,0,0,0
31,2,0,0,0,0.93717672,0,0.763025943
31,3,0.01695036,0,0.592289111,0,0.658709391,0
31,4,0,0,0.315688422,0,0,0.129989008
31,5,0,0.571650556,0,0,0,0
31,6,0,1.143301112,0.436480028,0,0,0
31,7,0,0.42065121,0,0.156003414,0,0
31,8,0.01695036,0,0,0,0,0
31,9,0.033900719,0,0,0,0,0
31,10,0,0.571650556,0,0,0,0
31,11,0,0,0,0,0,0
31,12,0,0,0,0,0,0
31,13,0.01695036,0,0.01350211,0,0.749299963,0
31,14,0.033900719,0,0,0,0.450652087,0
32,1,0,0,0,0,0,0
32,2,0,0,0,0.841215067,0,0
32,3,0,0,0,0.231329383,0,0
32,4,0,0,0,0.391781134,0,1.455908112
32,5,0,0,0,0,0,0.67009413
32,6,0,0,0,0,0,0.033592595
32,7,0.74077656,0,0.151771016,0,0,0
32,8,0,0,0.036756409,0,0.511490781,0
32,9,0.74077656,0,0.618483204,0,0.085926593,0
32,10,0,0,0,0,0,0
32,11,0,0,0.537908103,0,0,0
32,12,0,0,0.213967912,0,0,0
32,13,0,0,0,0.023669649,0,0
32,14,0.74077656,0,0,0,0,0
33,1,0,0,0,0,0,0
33,2,0,0,0,0,0,0
33,3,0,0,0,0,0,0
33,4,0,0,0.075090945,0,0,0
33,5,0,0.154700538,0,0,0,0.232975493
33,6,0,0.309401077,0,0.480910179,0,1.028400159
33,7,0,0.464101615,0,0.20457942,0,0.246627525
33,8,0,0.618802154,0,1.378546004,0,1.021316893
33,9,0,0,0,0.697306429,0,0
33,10,0,0,0.075090945,0,0.251069396,0
33,11,0,0.154700538,0,0,0,0
33,12,0,0.309401077,0,0,0,0
33,13,0,0,0,0,0,0
33,14,0,0,0,0,0,0
34,1,0,0,0,0,0,0
34,2,0,0,0,0,0,0
34,3,0,0,0,0,0,0
34,4,0,0,0,1.007757476,0,0.33338786
34,5,0,0,0,0.21157726,0,0
34,6,0,0,0,0,0.050756455,0
34,7,0,0,0,0,0,0
34,8,0,0,0,0,0,0
34,9,0,0,0,0,0,0.094148046
34,10,0,0,0,0.059916687,0,0
34,11,0,0,0,0,0,0.165209532
34,12,0,0,0.169917107,0,0.699071194,0
34,13,1.449489743,0,0.7557757,0,1.34826139,0
34,14,2.898979486,0,0.096231225,0,0,0
35,1,0,0,0,0,0,0
35,2,0,0,0,0,0,0
35,3,0,0,0,0,0,0
35,4,0,0,0,0,0,0.410878292
35,5,0,0,0,0,0,0.2569362
35,6,0,0,0,0,0,0
35,7,0,0,0,0,0,0
35,8,0,0,0,0.694975323,0,0
35,9,0.341640786,0,0,0.283945925,0.159065687,0
35,10,0.683281573,0,0,0,0.215590923,0
35,11,0,0,0,0,0.584829108,0
35,12,0,0,0,0.025082416,0,0.030056276
35,13,0.341640786,0,0,0,0.330528002,0
35,14,0.683281573,0,0,0.025082416,0,0.306994235
36,1,0,0,0,0,0,0
36,2,0.341640786,0,0,0,0.572497091,0
36,3,0,0,0,0,0,0
36,4,0,0,0,0.141362835,0,0
36,5,0.341640786,0,0.324776201,0,0.096907703,0
36,6,0,0,0,0.186322567,0,0
36,7,0.341640786,0,0,0,0,0
36,8,0,0,0,0,0,0
36,9,0,0,0,0,0,0.546477314
36,10,0,0,0,0.401738326,0,1.299764736
36,11,0,0,0.280207423,0,0,0.30361437
36,12,0,0,0.088924092,0,0,0
36,13,0.341640786,0,0,0.683811774,0.456814195,0
36,14,0.683281573,0,0,0,0.664127239,0
37,1,0,0,0,0,0,0
37,2,0,0,0,0,0,0
37,3,0,1.9104275,0,1.246537456,0,0.99048574
37,4,0,0.42535625,0,0,0,0
37,5,0,0.638034376,0,0,0,0
37,6,0,0.850712501,0,0.105839943,0,0
37,7,0,0,0,0,0,0
37,8,0,0,0,0,0,0
37,9,0,0,0,0,0,0
37,10,0,0,0,0.105839943,0,0
37,11,0,0,0,0.211679886,0.112577218,0
37,12,0,0,0,0,0,0
37,13,0,0,0.26763168,0,0.189054903,0
37,14,0,0,0.136440152,0,0.364721864,0
38,1,0,0,0,0,0,0
38,2,0,0,0,0,0,0
38,3,0,0,0.408929218,0,0.691949875,0
38,4,0,0.820930936,0,0,0,0.452352201
38,5,0,0,0,0,0.044633947,0
38,6,0,0,0,0,0,0
38,7,0,0.820930936,0,1.450003338,0,1.00412212
38,8,0,0,0,0.96314665,0,0.525755672
38,9,0,0,0,0,0.258813345,0
38,10,0,0,0,0,0,0
38,11,0,0,0,0,0,0
38,12,0,0,0,0,0,0
38,13,0,0,0.169009661,0,0,0
38,14,0,0,0.402903227,0,0,0
39,1,0,0,0,0,0,0
39,2,0.050987708,0,0,0,0.178688191,0
39,3,0,0.212678125,0,0,0.455021003,0
39,4,0,0.42535625,0.317904449,0,0.236622873,0
39,5,0,0.638034376,0,0.000311809,0,0.20432314
39,6,0,0.850712501,0.041195153,0,0,0
39,7,0,0,0,0.000311809,0,0
39,8,0.050987708,0,0,0.81735708,0,0
39,9,0,0.212678125,0,0.817668889,0,0.762590694
39,10,0.050987708,0,0,0,0,0.03805455
39,11,0.101975417,0,0.475697354,0,0.50677972,0
39,12,0.152963125,0,0,0,0,0.025835552
39,13,0,0,0,0.000311809,0,0
39,14,0.050987708,0,0,0,0,0
40,1,0,0,0,0,0,0
40,2,0,0,0,0,0,0
40,3,0,0,0.377276638,0,0,0
40,4,0,0,0,0,0,0
40,5,0,0,0.244573684,0,0.34668761,0
40,6,0,0,0.292767052,0,0.828847748,0
40,7,0,0,0,0.239846231,0,0.346623566
40,8,0,0,0,0,0,0
40,9,1.157277487,0,0,0,0,0
40,10,0,0,0,0.451936972,0,0.385523039
40,11,0,0,0,0,0,0
40,12,0,0,0,0.371212128,0,0
40,13,0,0,0,0,0,0
40,14,1.157277487,0,0,0.326420702,0,0.464959129
41,1,0,0,0,0,0,0
41,2,0,0,0,0,0,0
41,3,0,0,0.078007143,0,0.928808785,0
41,4,0.914854216,0,0,0,0,0
41,5,1.829708431,0,0.213408332,0,0.218706492,0
41,6,2.744562647,0,0,0,0,0
41,7,1.222329679,0,0,0,0,0
41,8,0,0,0,0,0,0
41,9,0,0,0,0,0,0
41,10,0,0,0,0,0,0
41,11,0,0,0,1.018622931,0,0.344491399
41,12,0,0,0,1.109723278,0,0.067349007
41,13,0,0,0,0,0.462695677,0
41,14,0,0,0,0,0,0.014849238
42,1,0,0,0,0,0,0
42,2,0.162755348,0,0.194778455,0,0.44779259,0
42,3,0,0.341640786,0,0,0,0
42,4,0,0.683281573,0,0,0,0.217705776
42,5,0.162755348,0,0,0,0,0
42,6,0.325510697,0,0.378332974,0,0,0
42,7,0,0,0,0.955656682,0,0.304841309
42,8,0,0,0,0,0,0
42,9,0,0,0,0,0,0
42,10,0,0,0,0,0,0.494423525
42,11,0,0.341640786,0,0.375860964,0,0
42,12,0,0,0,0,0,0
42,13,0.162755348,0,0.45061578,0,0.634354341,0
42,14,0.325510697,0,0,0,1.203472625,0
43,1,0,0,0,0,0,0
43,2,0,0,0,0,0,0.725885171
43,3,0,0,0,0,0,0.495138927
43,4,0,0,0.109184028,0,0,0.092657181
43,5,0,0,0,0,0,0
43,6,0,0,0,0,0,0
43,7,0,0,0,0,1.069612257,0
43,8,0,0,0,0,0.907007647,0
43,9,0,0,0,0,0.531338678,0
43,10,0,0,0,0,0,0
43,11,0,0,0,1.44625215,0,0.338168115
43,12,0,0,0,1.182921747,0,0
43,13,0,1.523573073,0,0.919591345,0,0
43,14,0,0,0.057785848,0,0.039414821,0
44,1,0,0,0,0,0,0
44,2,0.249390095,0,0.361107236,0,0,0.35461018
44,3,0.49878019,0,0,0,0.681058677,0
44,4,0.748170285,0,0,0,0.348650128,0
44,5,0,0,0,0,0,0
44,6,0,0,0,0,0,0
44,7,0.249390095,0,0,0,0.577942811,0
44,8,0.49878019,0,0,0,0,0
44,9,0,0,0,1.038332058,0,0.655292538
44,10,0,0,0,0,0,0
44,11,0,0,0,0,0,0
44,12,0,0,0,0,0,0
44,13,0,0,0,0,0,0
44,14,0,0,0,1.138565771,0,0.475714354
45,1,0,0,0,0,0,0
45,2,0,0,0,0,0.318497301,0
45,3,0,0,0,0,0,0
45,4,0,0,0,0,0,0
45,5,0,0,0,0,0,0
45,6,0,0,0.396585727,0,0.397733949,0
45,7,0,0.45999279,0,0,0,0
45,8,0,0.91998558,0,1.360091701,0,0.996112441
45,9,0,0,0,0.549182861,0,0
45,10,0,0,0,0,0,0
45,11,0,0,0.061474864,0,0,0
45,12,0,0,0,0,0,0
45,13,0,0.45999279,0.198656205,0,0,0
45,14,0,0.91998558,0,0,0,1.155259111
46,1,0,0,0,0,0,0
46,2,0,0.162755348,0,0,0,0
46,3,0,0.325510697,0,0,0,0
46,4,0,0.488266045,0.489886705,0,0.089789823,0
46,5,0,0,0,0,0,0
46,6,0.341640786,0,0,0,0,0
46,7,0,0.162755348,0,0.506801509,0,0
46,8,0.341640786,0,0,0.075254258,0,0.246429502
46,9,0,0,0,0,0,0.450660682
46,10,0,0,0,0,0,0
46,11,0,0,0.010621106,0,0,0
46,12,0,0,0.500507811,0,0.486756024,0
46,13,0.341640786,0,0,0,0,0
46,14,0.683281573,0,0.489886705,0,1.245159717,0
47,1,0,0,0,0,0,0
47,2,0,0,0,0,0,0
47,3,0,1.449489743,0,0,0,1.123373479
47,4,0,2.898979486,0,0,0,0.463339667
47,5,0,1.490731195,0,0,0.376014427,0
47,6,0,0.082482905,0,0,0,0
47,7,0,0,0,0,0,0
47,8,0,0,0.891760986,0,0,0
47,9,0,0,1.408846388,0,0,0
47,10,0,0,0,0,0,0
47,11,0,0,0,0.557099756,0,0
47,12,0,0,0,0.13879078,0,0
47,13,0,0,0,0,0,0
47,14,0,0,0.39351166,0,1.075161594,0
48,1,0,0,0,0,0,0
48,2,0.050987708,0,0,0,0,0
48,3,0.101975417,0,0,0,0,0
48,4,0.152963125,0,0,0,0,0.13621156
48,5,0.203950834,0,0,0,0,0
48,6,0,0.212678125,0,0,0,0
48,7,0.050987708,0,0.229413269,0,1.207079845,0
48,8,0,0.212678125,0,0.971005838,0,0.834481108
48,9,0,0,0,0.760584185,0,0.268076087
48,10,0,0.212678125,0,0,0,0
48,11,0,0,0,0,0,0
48,12,0,0,0,0,0,0
48,13,0,0.212678125,0,0.897432985,0,0.350546268
48,14,0,0.42535625,0.091912785,0,0,0.074651591
49,1,0,0,0,0,0,0
49,2,0,0,0,0.755932592,0,1.295411256
49,3,0,0,0.560889789,0,1.026478243,0
49,4,0,0,0.104190732,0,0.355962716,0
49,5,0,0,0,0.417800623,0,0
49,6,0,0,0,0,0,0
49,7,0,0,0.560889789,0,0,0
49,8,0,0,0,0,0,0
49,9,0.914854216,0,0,0,0,0
49,10,1.829708431,0,0,0,0,0
49,11,0.307475463,0,0.104299877,0,0,0
49,12,1.222329679,0,0,0,0,0
49,13,0,0,0,0,0,0
49,14,0,0,0,0,0,0.156254288
50,1,0,0,0,0,0,0
50,2,1.288585537,0,0,0,0.53949171,0
50,3,2.577171075,0,0.395743251,0,0,0
50,4,1.07965248,0,0,0,0,0
50,5,0,0,0,0.790027849,0,0.52858226
50,6,0,0,0,0.315437817,0,0
50,7,0,0,0,0,0,0
50,8,0,0,1.117084198,0,0,0
50,9,0,0,0,0,0,0.785163086
50,10,0,0,0,0.695847734,0,0.998500805
50,11,0,0,0,0,0,0.269519806
50,12,0,0,0,0,0.549788005,0
50,13,0,0,0,0,0.137945075,0
50,14,0,0,0,0,0,0
51,1,0,0,0,0,0,0
51,2,0,0.51636508,0,0,0,0
51,3,0,1.032730161,0,0,0,0
51,4,0,1.549095241,0,0,0,0
51,5,0,2.065460322,0,0,0,1.691989508
51,6,0,0.347182126,0,0,0,1.071087989
51,7,0,0,0,0,0,0
51,8,0,0,0,0,0,0
51,9,0,0,0,0,0,0
51,10,0,0,0.688214616,0,0.297907592,0
51,11,0,0,0,0.685091331,0,0
51,12,0,0,1.016380419,0,0.802581295,0
51,13,0,0,0,0,0,0
51,14,0,0,0,0,0,0
52,1,0,0,0,0,0,0
52,2,0,0,0,0,0.157859911,0
52,3,0,0.58113883,0,0,0,0
52,4,0,0,0,0.39421548,0,0.623172298
52,5,0,0,0,0.523902292,0,0
52,6,0,0.58113883,0,0.190971527,0,0
52,7,0,1.16227766,0,0,0,0
52,8,0,0,0,0,0,0
52,9,0,0,0,0,0,0
52,10,0,0.58113883,0,0.104833421,0,0
52,11,0,0,0.429228178,0,0.476543774,0
52,12,0,0,0,0.043807273,0,0
52,13,0,0,0,0,0.666557707,0
52,14,0,0,0.100720484,0,0,0
53,1,0,0,0,0,0,0
53,2,0,0,0,0.373936583,0,0.604966978
53,3,0,0,0,0.017105792,0,0
53,4,0,0,0,0,0,0
53,5,0,0,0,0,0,0
53,6,0,1.523573073,0,0,0,0.970689017
53,7,0,1.441236008,0.473274709,0,0,0
53,8,0,0,0,0,0,0
53,9,0,0,0,0,0,0
53,10,0,0,0.473274709,0,0,0
53,11,0,0,0,0,0,0
53,12,0,0,0.522040698,0,1.204440611,0
53,13,0,0,0.40145403,0,0.960341603,0
53,14,0,0,0.572740838,0,0,0
54,1,0,0,0,0,0,0
54,2,0,0,0.038917427,0,0,0
54,3,0,0,0,0,0,0
54,4,0,0,0,0,0.272991073,0
54,5,0,0,0,0,0,0
54,6,0,0,0,0,0,0
54,7,0,0,0,0,0,0
54,8,0,0,0,0,0,0
54,9,0,0.820930936,0,0,0,0
54,10,0,1.641861872,0,0,0,0
54,11,0,2.462792808,0,0.673957837,0,0.54718435
54,12,0,0.855815829,0,0,0,0.227914143
54,13,0,0,0.572562225,0,0.892878488,0
54,14,0,0,0,0,0,0.255388978
55,1,0,0,0,0,0,0
55,2,0,0,0.105543166,0,0.374736347,0
55,3,0,0,0.553334824,0,1.206279599,0
55,4,0,0,0,0.244201485,0,0
55,5,0,1.157277487,0,0.737246637,0,0.048360154
55,6,0,2.314554973,0,0,0,0
55,7,0,2.099019514,0,0,0,0
55,8,0,0.510671108,0,0,0,0
55,9,0,0,0,0.493045152,0,0.283939979
55,10,0,0,0.235507962,0,0.515528735,0
55,11,0,0,0,0,0,0
55,12,0,0,0,0.027200373,0,0.544316637
55,13,0,0,0,0,0,0
55,14,0,0,0.334573687,0,0,0
56,1,0,0,0,0,0,0
56,2,0,0,0,0,0,0
56,3,0,0,0,0,0,0
56,4,0,0,0,0,0,0
56,5,0,0,0.070328922,0,0,0
56,6,0,0,0,0,0,0
56,7,0,0,0,0,0,0
56,8,0,0,0,0,0,0.530248875
56,9,0,0,0,0.333237227,0,1.636652618
56,10,0,0,0,0.219238215,0,1.173830286
56,11,0,0,0,0.105239204,0,0.422012345
56,12,0,0,0.612504271,0,0.363886243,0
56,13,0,1.393172106,0.169285637,0,0,0
56,14,0,0,0,0,0.422213005,0
57,1,0,0,0,0,0,0
57,2,0,0.212678125,0,0,0,0
57,3,0,0,0,0,0,0.352318161
57,4,0,0,0,0,0,0
57,5,0,0,0,0,0,0
57,6,0,0,0,0,0.093879435,0
57,7,0,0,0,0,0,0
57,8,0,0.212678125,0,0,0,0
57,9,0,0,0,0.463062379,0,0.264884909
57,10,0,0,0,0,0,0
57,11,0,0.212678125,0,0,0,0.263095037
57,12,0,0.42535625,0.883854572,0,1.316618307,0
57,13,0,0,1.342917464,0,1.181890383,0
57,14,1.182820625,0,0,0.876547816,0,0
58,1,0,0,0,0,0,0
58,2,0,0,0.446707921,0,0,0
58,3,0,0,0.699365204,0,0,0
58,4,0,0,0,0,0,0
58,5,0,0,0,0.3252308,0,0.236845358
58,6,0,1.449489743,0,0,0,0
58,7,0,0.041241452,0,0,0.237257271,0
58,8,0,0,0,0,0,0
58,9,0,0,0.620607146,0,1.372052953,0
58,10,0,0,0.543129563,0,0.47999488,0
58,11,0,0,0,0,0,0
58,12,0,0,0,0,0,0
58,13,0,0,0,0.736468882,0,0
58,14,0,0,0,0.69374982,0,0
59,1,0,0,0,0,0,0
59,2,0,0.527525232,0,0,0,0
59,3,0,1.055050463,0,0,0,1.00949134
59,4,0,1.582575695,0,1.270541088,0,1.092292164
59,5,0,0.582575695,0,0.529840436,0,0.39995279
59,6,0,0,0,0,0,0
59,7,0.527525232,0,0,0,0,0
59,8,0,0,0,0,0,0
59,9,0,0,0,0,0,0
59,10,0.527525232,0,0,0,1.234551118,0
59,11,0,0,0.751942392,0,0.991087815,0
59,12,0,0,0,0,0,0
59,13,0,0,0.193873045,0,0,0
59,14,0.527525232,0,1.111592174,0,0,0
60,1,0,0,0,0,0,0
60,2,0,0,0,0,0,0
60,3,0,0,0,0,0,0
60,4,0,0,0,0,0,0
60,5,0.249390095,0,0,0,0,0
60,6,0.49878019,0,0,0,0,0
60,7,0,0,0,0,0,0
60,8,0,0,0.150849552,0,0,0
60,9,0.249390095,0,0,0,0,0
60,10,0,0,0,0,0.368069447,0
60,11,0,0,0,0,0,0
60,12,0,0,0,0,0,0.446594776
60,13,0.249390095,0,0.150849552,0,1.446492353,0
60,14,0.49878019,0,1.475704775,0,1.647960951,0
61,1,0,0,0,0,0,0
61,2,0,0,0,0,0,0
61,3,0,0,0,0,0,0
61,4,0,0,0,0,0,0
61,5,0,0,0,0,0,0
61,6,0,0,0,0,0,0.078706385
61,7,0,0,0,0.363779637,0,0
61,8,0,0,0,0.458459321,0,0
61,9,0,0,0,0.43675408,0,0.192428826
61,10,0,0,0.976017624,0,1.083847374,0
61,11,0,0,1.873266445,0,1.747135861,0
61,12,1.523573073,0,1.894734776,0,1.666300674,0
61,13,0,0,0.823085019,0,1.1381413,0
61,14,0,0,0,0,0.207069473,0
62,1,0,0,0,0,0,0
62,2,0,0,0,0,0,0
62,3,0,0,0,1.262745542,0,1.065766766
62,4,0,0,0,0.404032792,0.358096387,0
62,5,0.154700538,0,0,0,0.220459122,0
62,6,0.309401077,0,0,0,0,0
62,7,0.464101615,0,0,0,0,0
62,8,0.618802154,0,0,0,0,0
62,9,0,0,0,0,0,0
62,10,0,0,0,0,0,0
62,11,0,0,0,0,0,0
62,12,0,0,0,0,0,0.422647236
62,13,0.154700538,0,0.426392522,0,0.424216179,0
62,14,0.309401077,0,0.932940899,0,0.386383241,0
63,1,0,0,0,0,0,0
63,2,0,0,0,0,0,0.207639783
63,3,0,0,0,0.259083552,0,0.057570204
63,4,0,0,0,0,0,0
63,5,0,0,0,0,0,0
63,6,0,0,0.008248149,0,0.413535496,0
63,7,0,0,0,0,0,0.095737934
63,8,0,0,0,0.259083552,0,0
63,9,0,0,0,0,0,0
63,10,0,0,0,0.832875008,0,0
63,11,0,0,0,0,0,0
63,12,0,0,0.65073115,0,0.773152942,0
63,13,0,0,0.81015177,0,1.171835043,0
63,14,0,0,0,0,1.486321153,0
64,1,0,0,0,0,0,0
64,2,0,0,0.446157452,0,0,0
64,3,0,0,0,0,0,0
64,4,0,0,0,0,0,0
64,5,0.341640786,0,0.001835621,0,0,0
64,6,0.683281573,0,0,0,0.409183392,0
64,7,1.024922359,0,0.109198284,0,1.42479539,0
64,8,1.366563146,0,0,0,0.581010999,0
64,9,1.708203932,0,0,0,0.002646351,0
64,10,0,0,0,0,0,0.437139221
64,11,0,0,0,0.015929561,0,0
64,12,0,0,0.201689767,0,0,0.131644808
64,13,0,0,0,0.040412601,0,0.704507677
64,14,0,0,0,0.667874087,0,0
65,1,0,0,0,0,0,0
65,2,0,0,0,0.622695627,0,0.305932408
65,3,0,0,0,0.136558459,0,0.382804706
65,4,0,0,0,0,0,0.42092035
65,5,0,0,0,0,0,0
65,6,0,0,0,0,0,0
65,7,0,0,0,0,0,0
65,8,0,0,0,0,0,0
65,9,0,0,0,0.429359575,0,0.275654707
65,10,0,0,0.33218463,0,0,0
65,11,0,0,0.802865831,0,0,0
65,12,0,0,0.313963647,0,0,0.07616553
65,13,1.157277487,0,0.490232106,0,0,0
65,14,2.314554973,0,0.93725706,0,1.23900994,0
66,1,0,0,0,0,0,0
66,2,0,0,0,0,0,0
66,3,0,0,0,0.570553929,0,0
66,4,0,0,0,0,0.569476295,0
66,5,0,0,0,0,0,0.386657807
66,6,0,0,0,0,0,0
66,7,0,0,0,0,0,0.292589203
66,8,0,0,0.525917721,0,0,0
66,9,0,0,0,0,0,0
66,10,0,0,0,0,0,0
66,11,0,0,0.017602231,0,0,0
66,12,0,0,0,0,0.585479022,0
66,13,0,0,0,0.177094017,0,0.206064512
66,14,2.605551275,0,0.017602231,0,0,0
67,1,0,0,0,0,0,0
67,2,0,0,0,0,0.98721443,0
67,3,0,0,0,0,0,0
67,4,0,0,0,0,0,0
67,5,0,0,0,0,0,0
67,6,0,0,0,1.022930041,0,0
67,7,0,0,0,0,0,0.149176843
67,8,0,0,0,0,0,0
67,9,0,0,0,0,0,0
67,10,0,0,0,0,0,0
67,11,0,0,0,0,0,0
67,12,0,0,0.474539728,0,0.620424825,0
67,13,1.449489743,0,0.53401786,0,0.479495413,0
67,14,2.898979486,0,0,0.675086801,0,0.094775941
68,1,0,0,0,0,0,0
68,2,0,0,0,0,0,0
68,3,0,0.114941219,0,0,0,0.787250113
68,4,0,0.229882439,0,0,0,0
68,5,0,0.344823658,0,0.784349985,0,0
68,6,0,0.459764877,0,0,0,0
68,7,0,0.574706097,0,0,0,0
68,8,0,0.689647316,0,0.784349985,0,0.571390016
68,9,0,0,0,0,1.397737264,0
68,10,0,0,0.312506,0,0.575298357,0
68,11,0,0,0,0,0,0
68,12,0,0,0.197614698,0,0,0
68,13,0,0,0,0,0,0
68,14,0,0,0.78827754,0,0,0
69,1,0,0,0,0,0,0
69,2,0.341640786,0,0,0,0,1.275014581
69,3,0.683281573,0,0,0,0,0
69,4,1.024922359,0,0,0,0,0
69,5,1.366563146,0,0.357373329,0,0.618443314,0
69,6,0.456005865,0,0,0,0,0
69,7,0,0.162755348,0.695282329,0,0,0
69,8,0,0.325510697,0,0,0,0
69,9,0,0,0.470141555,0,0.979554261,0
69,10,0,0,0,0,0,0
69,11,0,0,0.235900187,0,0,0
69,12,0,0.162755348,0,0,0,0
69,13,0,0.325510697,0,0,0,0
69,14,0,0.488266045,0,0,0,0
70,1,0,0,0,0,0,0
70,2,0,0,0,0,0,0
70,3,0,0.292486066,0,0,0,0.388814231
70,4,0,0.584972132,0,0,0.761969292,0
70,5,0,0,0,0,0.783213758,0
70,6,0,0,0.103277509,0,1.265593201,0
70,7,0,0.292486066,0.488272419,0,1.589815151,0
70,8,0,0,0,0,0.658953693,0
70,9,0,0,0,0,0,0
70,10,0,0,0,0,0,0
70,11,0,0.292486066,0.807059729,0,0,0
70,12,0,0.584972132,0,0,0,0.087133117
70,13,0,0,0,0.808739661,0,0.011233984
70,14,0,0,0,0.691032986,0,0
71,1,0,0,0,0,0,0
71,2,0,0,0,0,0,0
71,3,0,0,0,0,0,0
71,4,0,0,0,0,0,0.616202742
71,5,0,0,0,0,0,0
71,6,1.393172106,0,0.954343707,0,1.132591993,0
71,7,1.190896141,0,1.147206085,0,1.464178333,0
71,8,0,0,0,0,0,0
71,9,0,0,0,0,0,0
71,10,0,0,0,0,0,0
71,11,0,0,0,0,0,0
71,12,0,0,0.286487132,0,0,0
71,13,0,0,0.269285695,0,0,0
71,14,0,0,0,0,0,0
72,1,0,0,0,0,0,0
72,2,0,0,0.216598136,0,0.597727229,0
72,3,0,0.154700538,0,0,0,0
72,4,0,0.309401077,0,0.169021841,0.255775182,0
72,5,0,0,0,0,0,0.026941371
72,6,0,0,0,0,0.293684652,0
72,7,0,0,0,0,0.839172375,0
72,8,0,0.154700538,0,0,0,0
72,9,0,0,0.216598136,0,0,0
72,10,0,0,0.332864489,0,0,0
72,11,0,0.154700538,0,0,0,0
72,12,0,0,0,0.880197119,0,0
72,13,0,0.154700538,0,1.5049276,0,0.409028835
72,14,0,0.309401077,0,0,0,0.418629058
73,1,0,0,0,0,0,0
73,2,0,0.028991511,0,0,0,0
73,3,0,0.057983022,0,0,0,0
73,4,0,0,0,0,0,0.777850996
73,5,0,0.028991511,0,0,0,0
73,6,0,0.057983022,0,0,0,0
73,7,0,0.086974533,0,0,0,0
73,8,0,0,0,0,0,0.109632593
73,9,0.371988681,0,0,0.356780801,0,0
73,10,0.743977362,0,0,0,0,0
73,11,0,0.028991511,0,0,0,0.278013516
73,12,0,0,0,0,0,0
73,13,0.371988681,0,1.496152429,0,1.282451496,0
73,14,0.743977362,0,2.648886238,0,1.303688513,0
74,1,0,0,0,0,0,0
74,2,0,0.371988681,0,0,0,0
74,3,0.028991511,0,0.522597105,0,0,0
74,4,0.057983022,0,0,0,0,0
74,5,0,0,0,0,0,0
74,6,0.028991511,0,0,0,0,0
74,7,0,0.371988681,0,0,0,0
74,8,0.028991511,0,0.834537656,0,0.785181886,0
74,9,0,0,0,0.351621866,0,0.027401356
74,10,0,0,0,1.332503119,0,0.776641791
74,11,0,0.371988681,0,1.712914629,0,1.436556529
74,12,0,0.743977362,0,0.641821832,0,1.467208896
74,13,0.028991511,0,0,0,0,0
74,14,0.057983022,0,0,0,0,0
75,1,0,0,0,0,0,0
75,2,0.162755348,0,0,0,0,0
75,3,0,0,0.030019357,0,0,0
75,4,0,0.341640786,0,0,0,0
75,5,0.162755348,0,0.609358853,0,0.977229675,0
75,6,0,0.341640786,0,1.055750059,0,0.792849844
75,7,0,0,0,0,0,0
75,8,0,0,0.115462551,0,0.822256689,0
75,9,0.162755348,0,0,0,0.013826566,0
75,10,0,0.341640786,0,0.1886171,0,0
75,11,0,0.683281573,0,0,0,0
75,12,0.162755348,0,0,0,0,0
75,13,0,0,0,0,0,0
75,14,0,0,0,0,0,0.135162272
76,1,0,0,0,0,0,0
76,2,0,0,0,0,0,0
76,3,0,0,0,0,0,0
76,4,0,0,0,0.271958772,0,0
76,5,0,0,0,0,0,0
76,6,0,0,0,0,0,0
76,7,0,0,0,0,0,0
76,8,0,0,0,0,0,0
76,9,0.154700538,0,0.975543448,0,0.909945846,0
76,10,0.309401077,0,0.657324437,0,1.245991898,0
76,11,0.464101615,0,1.19503875,0,0.452257467,0
76,12,0.618802154,0,0,0,0,0
76,13,0.773502692,0,0,0,0,0
76,14,0.92820323,0,0.537714313,0,0,0
77,1,0,0,0,0,0,0
77,2,0,0.114941219,0,0,0,0.670628099
77,3,0,0,0,0,0,0.114343635
77,4,0,0,0,0,0,0
77,5,0,0.114941219,0.348678146,0,0,0
77,6,0,0.229882439,0,0.650142588,0,0
77,7,0,0.344823658,0,0.409272171,0,0
77,8,0,0.459764877,0.271712214,0,0,0
77,9,0,0,0,0,0,0
77,10,0,0,0,0.06821499,0,0.042656838
77,11,0,0,0,0,0,0.243040345
77,12,0,0,0,0,0,0
77,13,0,0,0,0,0,0
77,14,0,0,0.348678146,0,1.256852405,0
78,1,0,0,0,0,0,0
78,2,0,0,0,0,0.101070686,0
78,3,0,0.914854216,0,0,0,0
78,4,0,1.829708431,0,0,0,0
78,5,0,0.307475463,0,0.45874529,0,0
78,6,0,0,0,0.517570319,0,0.706811957
78,7,0,0,0,0,0,0.008450048
78,8,0,0,0.036339552,0,0,0
78,9,0,0,0.351338403,0,0.475228683,0
78,10,0,0,0,0,0,0
78,11,0,0.914854216,0,0,0,0
78,12,0,0,0.936829351,0,0.299507565,0
78,13,0,0,0,0,0,0
78,14,0,0,0,0.886772397,0,0.923721913
79,1,0,0,0,0,0,0
79,2,1.049390153,0,0.073738188,0,0.450632316,0
79,3,0,0,0,0,0,0.57624678
79,4,0,0,0,0.661595858,0,1.10214415
79,5,0,0,0.903056095,0,0.684584761,0
79,6,0,0,0,0,0,0
79,7,0,0,0,0,0,0
79,8,0,0,0,0.530704123,0,0.220182735
79,9,0,0,0,0,0,0.083815989
79,10,1.049390153,0,0.109114333,0,0,0
79,11,0,0,0,0,0,0
79,12,0,0,0,0,0,0
79,13,0,0,0,0,0,0
79,14,0,0,0,0,0,0
80,1,0,0,0,0,0,0
80,2,0,0,0.184600843,0,0,0
80,3,0,0,0.369201687,0,0.279324776,0
80,4,0,0,0.221779433,0,0,0
80,5,0.411773158,0,0,0,0.013027307,0
80,6,0.823546315,0,0.184600843,0,0.069910858,0
80,7,0,0,0,0.537704772,0,0
80,8,0.411773158,0,0,0,0,0
80,9,0.823546315,0,0,0,0,0
80,10,0.072682755,0,0,0,0,0
80,11,0,0,0,0.646960235,0,0.8782809
80,12,0,0,0,0,0.31462606,0
80,13,0,0,0,0,0,0
80,14,0,0,0,0.480664907,0,0.907850107
81,1,0,0,0,0,0,0
81,2,0,0.154700538,0,0,0,0.072377091
81,3,0,0,0,0.217122163,0,0.191867207
81,4,0,0.154700538,0,0,0,0
81,5,0,0,0.115512235,0,0.246873636,0
81,6,0,0.154700538,0,0.217122163,0,0
81,7,0,0.309401077,0,0.234594548,0,0
81,8,0,0,0,0,0,0
81,9,0,0,0.638391431,0,0.331206823,0
81,10,0,0,0,0,0,0
81,11,0,0,0,0,0,0
81,12,0,0.154700538,0,0.352235905,0,0.603482268
81,13,0,0,0.586487981,0,0.925768958,0
81,14,0,0,0.01544665,0,0.34924089,0
82,1,0,0,0,0,0,0
82,2,0,0,0,0,0,0
82,3,0,0,0,0,0,0
82,4,0,0,0,0,0.633802434,0
82,5,0,0,0,0,0.373910704,0
82,6,0,0,0,0,0,0
82,7,0,0,0,0,0,0
82,8,0,0,0,0,0,0
82,9,0,0,0.141650284,0,0,0
82,10,0,0.45999279,0,0.603603109,0,0
82,11,0,0,0.256950926,0,0.016809226,0
82,12,0,0,0.327702057,0,0,0
82,13,0,0.45999279,0,0,0,1.097840822
82,14,0,0.91998558,0,0.863089234,0,1.856048677
83,1,0,0,0,0,0,0
83,2,0,0,0,0,0,0
83,3,0,0,0,0,0.079054249,0
83,4,0,0,0,0.245233334,0,0
83,5,0,0.292486066,0,0,0,0
83,6,0,0,0,0,0,0
83,7,0,0.292486066,0,0,0,0
83,8,0,0,0.288566307,0,0,0
83,9,0,0.292486066,0,0.880382804,0,0.747029428
83,10,0,0,0,0,0,0
83,11,0,0,0,0.602950033,0,0.451055845
83,12,0,0.292486066,0,0,0,0
83,13,0,0,0,0,0.866531195,0
83,14,0,0.292486066,0.728509288,0,0.62070414,0
84,1,0,0,0,0,0,0
84,2,0,0,0.248361847,0,1.044655976,0
84,3,0,0,0,0,0,0
84,4,0,0,0,0,0,0
84,5,0,0.45999279,0,0,0,0
84,6,0,0.91998558,0,0.996138822,0,0
84,7,0,0,0,0.793083931,0,0
84,8,0,0,0,0,0,0
84,9,0,0,0,0,0,0
84,10,0,0,0.182420105,0,0,0.253112347
84,11,0,0,0,0,0,0
84,12,0,0,0,0,0.81268019,0
84,13,0,0.45999279,0,0,0,0
84,14,0,0.91998558,0.368559454,0,0,0.71209846
85,1,0,0,0,0,0,0
85,2,0,0,0.251573488,0,0,0
85,3,0,0,0,0,0,0
85,4,0,0,0,0,0,0
85,5,0,0,0.101404781,0,0,0
85,6,0,0.154700538,0,0.123490605,0,0
85,7,0,0.309401077,0,0,0,0
85,8,0,0.464101615,0,0,0,0
85,9,0,0.618802154,0,0,0,0
85,10,0,0.773502692,0,0,0.022782455,0
85,11,0,0,0.304758238,0,0,0
85,12,0,0,0,0,0,0
85,13,0,0,0,0,0,0
85,14,0,0,0,1.055527283,0,1.661041488
86,1,0,0,0,0,0,0
86,2,0.411773158,0,0.08464609,0,0.95433885,0
86,3,0,0,0,0,0,0
86,4,0,0,0,0,0,0
86,5,0,0,0,0,0,0
86,6,0,0,0,1.07343622,0,0.279567523
86,7,0,0,0,1.020785336,0,0
86,8,0,0,0.341101721,0,0,0
86,9,0,0,0,0.00327559,0,0
86,10,0,0,0,0,0,0.306092236
86,11,0.411773158,0,0,0,0.151700356,0
86,12,0.823546315,0,0,0,0,0.075435119
86,13,0,0,0,0,0,0
86,14,0,0,0,0,0,0
87,1,0,0,0,0,0,0
87,2,0,0,0,0,0,0
87,3,0,0,0,0,0,0
87,4,0,0,0,0,0,0
87,5,0,0,0,0,0,0
87,6,0,0,0,0,0,0.490009768
87,7,0,0,0.195981202,0,0.724603677,0
87,8,0,0,0,0,0,0.60406427
87,9,0.58113883,0,0,0,0,0.733006085
87,10,0,0,0,0.732238751,0,0.4684574
87,11,0.58113883,0,0.742450233,0,0.861187931,0
87,12,1.16227766,0,0.218367203,0,0.268879297,0
87,13,1.74341649,0,0,0,0,0
87,14,0.110960958,0,0,1.09954268,0,0
88,1,0,0,0,0,0,0
88,2,0,0.292486066,0,0,0,0
88,3,0,0,0,0.266012888,0,0
88,4,0,0,0.091726646,0,0,0
88,5,0,0.292486066,0,0,0,0
88,6,0,0,0,0,0,0
88,7,0,0.292486066,0,0.512297402,0,0.089032471
88,8,0,0,0.517599026,0,0,0
88,9,0,0,0,0,0.214084863,0
88,10,0,0,0.280397712,0,0.588365673,0
88,11,0,0.292486066,0,0,0,0.819115425
88,12,0,0,0,0,0,0.072287303
88,13,0,0,0.377717726,0,0.925762427,0
88,14,0,0,0,0.512297402,0,0
89,1,0,0,0,0,0,0
89,2,0,0,0,0,0,0
89,3,0,0,0,0,0,0
89,4,0,0,0,0,0,0
89,5,0,0,0,0.603754688,0,0.433097828
89,6,0,0,0.121764063,0,0,0
89,7,0,0,0,0.130951629,0,0
89,8,0,0,0,0,0,0.364766289
89,9,0,0,0,0,0.124122211,0
89,10,0.616447718,0,1.397451322,0,1.101050941,0
89,11,1.232895436,0,0,0.080440992,0,0.211819981
89,12,1.849343155,0,0,0,0,0
89,13,1.208553759,0,0,0,0,0
89,14,0,0,0,0,0,0
90,1,0,0,0,0,0,0
90,2,0,0,0,0,0.154218745,0
90,3,0,0,0,0,0.147808245,0
90,4,0,0,0.613490521,0,0,0
90,5,0,0,0,0.021308352,0,0
90,6,0,0,0,0,0,0
90,7,0,0,0.135226699,0,0,0
90,8,0,0,0.086233259,0,0,0
90,9,0,0,0,0,0,0
90,10,0,0,0,0.100213831,0,0.023866355
90,11,0.341640786,0,0,0,0.757720321,0
90,12,0.683281573,0,0,0.171389793,0,0
90,13,1.024922359,0,0,0.72700096,0,0.44496783
90,14,1.366563146,0,0,0,0,0
91,1,0,0,0,0,0,0
91,2,0,0,0,0,0,0
91,3,0,0,0,0.894335875,0,0.151265353
91,4,0,0,0,0.766181583,0,0
91,5,0,0,0,0,0,0
91,6,0,0,0,0,0.029731768,0
91,7,0,0,0,0,0,0.147850766
91,8,0,0,0.060090636,0,0,0
91,9,0,0,0.120181272,0,0.101960055,0
91,10,0,0,0.356145068,0,0,0
91,11,0,0,0.027374081,0,0,0
91,12,0,0,0,0,0,0
91,13,0,0.890570661,0,0.616820157,0,0.072427701
91,14,0,1.781141323,0,0.488665866,0,1.161726538
92,1,0,0,0,0,0,0
92,2,0,0,0,0,0,0
92,3,0,0,0,0,0,0
92,4,0,0,0.064460192,0,0,0
92,5,0,0,0,0,0,0.297497207
92,6,0,0,0,0,0,0
92,7,0,0,0,0,0.010318141,0
92,8,0,0,0,0,0,0
92,9,0,0,0,0,0,0.13347
92,10,0,0,0,0,0,0
92,11,0,0,0,0,0.451210185,0
92,12,0,0,0.47456539,0,0.904483001,0
92,13,0,1.049390153,0,0.808095287,0.552361978,0
92,14,0,0.732520204,0,0.030949045,0,0
93,1,0,0,0,0,0,0
93,2,0,0.01695036,0,0,0,0.623931463
93,3,0,0.033900719,0,0,0,0
93,4,0,0.050851079,0,0,0,0
93,5,0.571650556,0,0,0.895168568,0,0
93,6,0,0.01695036,0,0.263637246,0,0
93,7,0,0,0,0,0,0.308354425
93,8,0,0,0,0,0,0.678410687
93,9,0,0,0.25138716,0,0,0
93,10,0.571650556,0,0.565217281,0,0.772071949,0
93,11,0,0,0,0,0,0
93,12,0.571650556,0,0,0.453389703,0,0
93,13,0,0.01695036,0.142773019,0,0.326571586,0
93,14,0,0.033900719,0.198695405,0,0,0
94,1,0,0,0,0,0,0
94,2,0,0,0,0,0,0
94,3,0,0,0,0,0,0
94,4,0,0,0,0,0,0
94,5,0.341640786,0,0,0,0.807151489,0
94,6,0.683281573,0,0.163627393,0,0.677599916,0
94,7,1.024922359,0,0,0,0,0
94,8,0,0.162755348,0.775132654,0,0.245206508,0
94,9,0.341640786,0,0.76697185,0,1.026269389,0
94,10,0,0,0,0.685425457,0,0
94,11,0,0.162755348,0,0,0,0
94,12,0,0.325510697,0,0,0,0
94,13,0,0.488266045,0,0,0,0
94,14,0,0.651021393,0,0.374992294,0,0.440815182
95,1,0,0,0,0,0,0
95,2,0,0.154700538,0,0,0,0
95,3,0,0.309401077,0.185915625,0,0.155667807,0
95,4,0,0,0,0,0,0.423211778
95,5,0,0.154700538,0,0,0,0
95,6,0,0.309401077,0,0,0,0.659229044
95,7,0,0,0.306283505,0,0.027351674,0
95,8,0,0,0,0,0,0
95,9,0,0,0,0,0,0.318879115
95,10,0,0,0,0,0,0
95,11,0,0,0,0,0,0
95,12,0,0,0,0,0.354595375,0
95,13,0,0.154700538,0.18875449,0,0.054474018,0
95,14,0,0.309401077,0,1.488711381,0,0
96,1,0,0,0,0,0,0
96,2,0.08012345,0,0.113178558,0,0,0
96,3,0.160246899,0,0,0,0,0
96,4,0.240370349,0,0,0,0,0
96,5,0,0,0,0,0,0
96,6,0.08012345,0,0.245120612,0,0.284106505,0
96,7,0,0.08012345,0,0.021293854,0,0
96,8,0.08012345,0,0.093515063,0,0,0
96,9,0,0.08012345,0,0.49754371,0,0.494413113
96,10,0,0.160246899,0,0,0,0
96,11,0,0.240370349,0,0,0,0
96,12,0,0.320493799,0,0,0,0
96,13,0,0,0,0.781287946,0.329573155,0
96,14,0.08012345,0,0,0,0.385879452,0
97,1,0,0,0,0,0,0
97,2,0.249390095,0,0.359857898,0,0.917326976,0
97,3,0,0,0,0,0,0
97,4,0,0,0,0,0,0.175838333
97,5,0.249390095,0,0,0,0,0
97,6,0.49878019,0,0.629165394,0,0.725552167,0
97,7,0.748170285,0,0,0.524639296,0,0
97,8,0,0,0,0.261375907,0,0
97,9,0,0,0,0,0,0
97,10,0,0,0.308574291,0,0,0
97,11,0.249390095,0,0.199475144,0,0.456648785,0
97,12,0,0,0,0,0,0
97,13,0,0,0,0,0,0
97,14,0,0,0,0.76131177,0,0.33828252
98,1,0,0,0,0,0,0
98,2,0.371988681,0,0,0,0,0
98,3,0.743977362,0,0,0,0,0
98,4,1.115966043,0,0.057825926,0,0,0
98,5,0.287464629,0,0,0.414374087,0,0
98,6,0,0,0,0,0,0
98,7,0,0.028991511,0,0,0.211923793,0
98,8,0,0.057983022,0.112070079,0,0,0.71412557
98,9,0,0.086974533,0,0,0,0.368473689
98,10,0,0.115966043,0,0.680746214,0,0
98,11,0,0,1.348473126,0,1.186066679,0
98,12,0.371988681,0,0.015951704,0,0,0
98,13,0,0.028991511,0,0,0,0
98,14,0,0,0,0,0,0
99,1,0,0,0,0,0,0
99,2,0,0,0,0,0,0.490663408
99,3,0,0,0,0,0,0
99,4,1,0,0,0,0,0
99,5,0,0,0,0,0,0
99,6,0,0,0,0,0,0.461601102
99,7,0,0,0,0,0,0
99,8,0,0,0,0.231979342,0,0
99,9,0,0,0,0.899312433,0,0.510671299
99,10,0,0,0,0,0,0
99,11,0,0,0,0,0,0
99,12,1,0,1.054967729,0,0.447984926,0
99,13,0,0,0,0.508998766,0,0.756017368
99,14,0,0,0,0,0,0
99,15,1,0,0.672917243,0,0,0
100,1,0,0,0,0,0,0
100,2,0,0.249390095,0,0,0,0
100,3,0,0.49878019,0,0.875136426,0,0.548838111
100,4,0,0.748170285,0,0,0,0
100,5,0,0,0,0,0,0
100,6,0,0,0.227921349,0,0,0
100,7,0,0,0,0,0,0
100,8,0,0,0,0,0.178293748,0
100,9,0,0,0.275288416,0,1.179604112,0
100,10,0,0.249390095,0,0,0.267394522,0
100,11,0,0,0,0,0,0.279924268
100,12,0,0,0,0,0,0.691626705
100,13,0,0,1.144371131,0,0.007114086,0
100,14,0,0,0.238572019,0,0,0
101,1,0,0,0,0,0,0
101,2,0,0.183215957,0,0,0,0.312457162
101,3,0.183215957,0,0.648831433,0,0.434111118,0
101,4,0.366431913,0,0.310478496,0,0.074216343,0
101,5,0,0,0,0,0,0
101,6,0,0,0,0,0,0.327137097
101,7,0,0,0,0,0,0
101,8,0,0,0.760349051,0,0,0
101,9,0,0.183215957,0,0.163693587,0,0.77343171
101,10,0,0.366431913,0,0.804124991,0,0
101,11,0.183215957,0,0,0.394263192,0,0
101,12,0.366431913,0,0,0,1.087839971,0
101,13,0,0.183215957,0,0,0.546737151,0
101,14,0.183215957,0,0,0,0,0
102,1,0,0,0,0,0,0
102,2,0.08012345,0,0,0,0.992020999,0
102,3,0,0.08012345,0.437250655,0,0,0
102,4,0,0.160246899,0,0,0,0
102,5,0.08012345,0,0,0,0.067793112,0
102,6,0.160246899,0,0,0.207986656,0,0
102,7,0.240370349,0,0,0,0,0
102,8,0,0.08012345,0,0,0,0
102,9,0,0,0,0,0,0
102,10,0,0.08012345,0,0.554947493,0,0
102,11,0,0.160246899,0,1.407043393,0,0.396634243
102,12,0,0.240370349,0.336146218,0,0,0.701376836
102,13,0,0,0,0,0,0
102,14,0.08012345,0,0,0,0.105589031,0
103,1,0,0,0,0,0,0
103,2,0.114941219,0,0,0,0.189316266,0
103,3,0.229882439,0,0,0,0,0
103,4,0,0,0.566546768,0,0.107858813,0
103,5,0,0,0,0,0,0.626828271
103,6,0.114941219,0,0,0,0,0
103,7,0,0,0,0,0,0.239785872
103,8,0,0,0,0.939587492,0,1.053967045
103,9,0,0,0.239482005,0,0,0.503958829
103,10,0,0,0,0,0,0
103,11,0,0,0,0,0,0
103,12,0.114941219,0,0.056035013,0,0.121167443,0
103,13,0.229882439,0,0,0,0.381345434,0
103,14,0.344823658,0,0,0,0,0
104,1,0,0,0,0,0,0
104,2,0.212678125,0,0,0,0,0
104,3,0.42535625,0,0,0,0,0
104,4,0,0.050987708,0,0,0,0
104,5,0,0.101975417,0,0,0,0
104,6,0,0,0,0,0,0
104,7,0,0,0,0,0,0
104,8,0.212678125,0,0,0,0.027020708,0
104,9,0,0,0.531569118,0,0.33966071,0
104,10,0,0.050987708,0,0.559069628,0,0.555205388
104,11,0.212678125,0,0,0,0,0
104,12,0,0.050987708,0,0.112811347,0,0.739109486
104,13,0,0.101975417,0,0.334490994,0,0.353046503
104,14,0,0.152963125,0,0.870972993,0,0.516794897
105,1,0,0,0,0,0,0
105,2,0,0,0,0.340846548,0,0
105,3,0,0,0,0,0,0
105,4,0,0,0,0,0,0
105,5,0,0,0.872419969,0,0.403165223,0
105,6,0,0,1.065869618,0,0.734951024,0
105,7,0,0,0,0,0,0
105,8,0,0,0,0,0,0
105,9,0,0,0.062688649,0,0,0
105,10,0,0,0.013860371,0,0,0
105,11,0,1.449489743,0,0,0,0
105,12,0,0.041241452,0,0,0.374913795,0
105,13,0,1.490731195,0,0,0,0
105,14,0,0.082482905,0,0,0,0
106,1,0,0,0,0,0,0
106,2,0,0,0,0,0,0
106,3,0,0,0.550148978,0,0.487254655,0
106,4,0,0,0.094077453,0,0.307028672,0
106,5,0,0,0.572148421,0,0.69123402,0
106,6,0,0,0.165468999,0,0,0
106,7,0,0,0,0,0,0
106,8,0,0,0,0,0.255146082,0
106,9,0,0,0,0,0,0.202195241
106,10,0,0,0,0,0,0
106,11,0,0,0,0,0,0
106,12,0,0.74077656,0,0,0,0.412837847
106,13,0,0,0,0,0,0
106,14,0,0.74077656,0,0,0,0
107,1,0,0,0,0,0,0
107,2,0,0,0,0,0,0
107,3,0,0,0.722870315,0,0,0
107,4,0,0.249390095,0,0,0,0
107,5,0,0.49878019,0,0,0,0
107,6,0,0.748170285,0,0.496072392,0,0.301143336
107,7,0,0,0,0,0.055239699,0
107,8,0,0,0.190099035,0,0.242874836,0
107,9,0,0,0,0,0.631519625,0
107,10,0,0,0,0,0.218494004,0
107,11,0,0,0,0.672876071,0,0.361212269
107,12,0,0.249390095,0,1.085052542,0,0.682152957
107,13,0,0,0,0.058553447,0,0
107,14,0,0.249390095,0,0,0,0.2248648
108,1,0,0,0,0,0,0
108,2,0,0,0,0,0,0
108,3,0,1.049390153,0,0,0,0
108,4,0,2.098780306,0.460422141,0,0,0
108,5,0,0.415650255,0.814438185,0,0.351644829,0
108,6,0,0,0,0,0,0
108,7,0,0,0,0.034951609,0,0
108,8,0,0,0,0,0.466877823,0
108,9,0,0,0.273888376,0,0.803382023,0
108,10,0,0,0,0.30527479,0,0
108,11,0,0,0,0,0,0
108,12,0,0,0,0,0,0
108,13,0,0,0,0,0,0
108,14,0,0,0,0.79444128,0,1.145610265
109,1,0,0,0,0,0,0
109,2,0,0.74077656,0,0,0,0
109,3,0,0,0.185285155,0,0,0
109,4,0,0,0,0,0,0
109,5,0,0,1.036359063,0,0.828387089,0
109,6,0,0,0.878615957,0,1.164586623,0
109,7,0,0,0,0,0.139510745,0
109,8,0,0,0,0,0,0
109,9,0,0,0,0,0,0
109,10,0,0.74077656,0,0,0,0.317888689
109,11,0,0,0,0,0,1.0701233
109,12,0,0,0.018535306,0,0,0
109,13,0,0.74077656,0,0,0,0
109,14,0,0,0.417002479,0,0.443202834,0
110,1,0,0,0,0,0,0
110,2,0,0.292486066,0,0,0,0
110,3,0,0.584972132,0,0,0,0.941466157
110,4,0,0.877458198,0,0,0,1.38865487
110,5,0,0.105543975,0,0,0,0.095532854
110,6,0,0.398030041,0,0.231641154,0,0
110,7,0,0,0,0.057524689,0.010570601,0
110,8,0,0,0.143273301,0,0,0
110,9,0,0,0,0.610365935,0,0
110,10,0,0,0,0.436249469,0,0
110,11,0,0,0,0,0,0
110,12,0,0,0.143273301,0,0,0
110,13,0,0,0.672162106,0,0.592099346,0
110,14,0,0,0.615074361,0,0.957768772,0
111,1,0,0,0,0,0,0
111,2,0,0.154700538,0,0.128665819,0,0.568620783
111,3,0,0.309401077,0,0.061509964,0,1.115865254
111,4,0,0.464101615,0,0,0,0
111,5,0,0.618802154,0,0,0.043369084,0
111,6,0,0.773502692,0,0,0,0
111,7,0,0.92820323,0.583817955,0,0,0
111,8,0,0,0,0,0,0.572486618
111,9,0,0,0,0,0.479287411,0
111,10,0,0,0.144377538,0,0.140350349,0
111,11,0,0,0,0.982672667,0,0
111,12,0,0,0,0.083457599,0,0
111,13,0,0,0.651124035,0,0,0
111,14,0,0,0,0,0,0
112,1,0,0,0,0,0,0
112,2,0,1.9104275,0,0.052555332,0,0.318485085
112,3,0,0.42535625,0,0,0,0.135224526
112,4,0,0,0,0,0,0
112,5,0,0,0,0,1.077372076,0
112,6,0,0.212678125,0,0,1.107358568,0
112,7,0,0,0,0,0.361907221,0
112,8,0,0,0,0.142142761,0,0
112,9,0,0,0.25327207,0,0,0
112,10,0,0,0,0,0,0
112,11,0,0,0,0.225807054,0,0
112,12,0,0,0,0.323773093,0,0
112,13,0,0,0.046455912,0,0.669928789,0
112,14,0,0.212678125,0,0.566387361,0,0.425728986
113,1,0,0,0,0,0,0
113,2,0,0,0,0,0,0
113,3,0,0,0,0.100941905,0,0.603440068
113,4,0,0,0,0,0,0
113,5,0,0,0,0,0,0
113,6,0,0,0,0,0,0
113,7,0,0,0,0,0,0
113,8,0,0,0,0,0,0
113,9,0,0,0.291446042,0,0,0
113,10,0,0,1.584057839,0,0.689249859,0
113,11,0,0,0.553889831,0,0,0
113,12,1.294157339,0,0,0,0,0
113,13,0.98240454,0,0,0.227302631,1.219441674,0
113,14,0.670651742,0,0.460449594,0,0,0
114,1,0,0,0,0,0,0
114,2,0,0.212678125,0,0,0,0.989046484
114,3,0.050987708,0,0,0,0,0.200614317
114,4,0.101975417,0,0.060959467,0,0.130199547,0
114,5,0,0.212678125,0,0,0,0.303131699
114,6,0.050987708,0,0,0,0.562996331,0
114,7,0.101975417,0,0.394069535,0,0,0
114,8,0.152963125,0,0,0,0,0
114,9,0,0.212678125,0,0,0,0
114,10,0,0,0.029754777,0,0,0
114,11,0,0,0,0,0,0
114,12,0,0.212678125,0,0,0,0
114,13,0,0.42535625,0,1.619113665,0,0.329563879
114,14,0,0,0,0,0.504926089,0
115,1,0,0,0,0,0,0
115,2,0,0,0,0.591792354,0,0
115,3,0,0,0,0.315045254,0,0.291934827
115,4,0,0,0,0,0,0
115,5,0,0,0,0.055411432,0,0.05034022
115,6,0,0,0,0,0,0
115,7,0,0,0.182606632,0,0,0
115,8,0,0,0.202483676,0,0,0
115,9,0,0,0,0.596978955,0,0.048133301
115,10,0,0,0.29282189,0,0.470980057,0
115,11,0.411773158,0,0,0,0,0
115,12,0.823546315,0,0,0,0,0
115,13,1.235319473,0,0.29282189,0,0,0
115,14,1.64709263,0,0.034351381,0,0.775607696,0
116,1,0,0,0,0,0,0
116,2,0,0.45999279,0,0,0,0.813464802
116,3,0,0.91998558,0,0,0,0
116,4,0,1.379978371,0,0,0,0
116,5,0,0,0,0.118112225,0,0
116,6,0,0,0,0,0,0
116,7,0,0,0,0,1.230529567,0
116,8,0,0,0,0,0.359491812,0
116,9,0,0,0,0,0.535418923,0
116,10,0,0.45999279,0,0,0.050961783,0
116,11,0,0,0.667485312,0,0,0
116,12,0,0,0,0.876246232,0,0.415025645
116,13,0,0,0,1.310571105,0,0.21118313
116,14,0,0,0.261992606,0,0,0
117,1,0,0,0,0,0,0
117,2,0,0,0.326501639,0,0,0
117,3,0,0,1.139521712,0,0,0
117,4,0,0,0,0,0,0
117,5,0,0,0,0,0,0
117,6,0,0,0,0,0,0
117,7,0,0,0,0,0,0
117,8,0,0,0,0,0,0.218121748
117,9,0,0,0,0,0,0
117,10,0,0,0,0,0,0
117,11,0,0,0,0,0,0
117,12,0,0,0,1.13608795,0,0.821039215
117,13,1.157277487,0,0,0.280439573,0,0
117,14,2.314554973,0,0.716516658,0,1.231049445,0
118,1,0,0,0,0,0,0
118,2,0,0,0,0,0,0
118,3,0,0,0,0,0,0
118,4,0,0,0,0.177193293,0,0.422640028
118,5,0,0,0,0,0.465367681,0
118,6,0,0.249390095,0,0.137401097,0,0
118,7,0,0.49878019,0,0.462393972,0,0
118,8,0,0.748170285,0,0,0,0
118,9,0,0,0.090961831,0,0,0
118,10,0,0.249390095,0.144657956,0,0,0
118,11,0,0.49878019,0,0,0.262594994,0
118,12,0,0,0,0,0,0
118,13,0,0,0,0,0.020869985,0
118,14,0,0,0,0.923981209,0,0.813900713
119,1,0,0,0,0,0,0
119,2,0,0,0,0.833499308,0,0.297332003
119,3,0,0,0,0.090389695,0,0
119,4,0,0,0,0,0,0
119,5,0,0,0,0,0,0.260734603
119,6,0,0,0.460751853,0,0.149720676,0
119,7,0,0,0,0,0,0
119,8,0,0,0,0.273302924,0,0
119,9,0.114941219,0,0,0,0.574132488,0
119,10,0.229882439,0,0,0,0.401494027,0
119,11,0.344823658,0,0,0,0,0
119,12,0.459764877,0,0.473952016,0,0.95339525,0
119,13,0.574706097,0,0,0,0,0
119,14,0.689647316,0,0,0,0,0
120,1,0,0,0,0,0,0
120,2,0,0,0,0.053342063,0,0.115568917
120,3,0,0,0,0,0,0
120,4,0,0,0,0,0,0
120,5,0,0,0,0,0,0
120,6,0,0,0,0.622401052,0.587489954,0
120,7,0,0,0,0,0,0
120,8,0,0,0,0.958075692,0,0.11730806
120,9,0,0,0,0.622936213,0,0
120,10,0,0,0,0,0,0
120,11,0,0,0.364327762,0,0.337883171,0
120,12,0,0,0.255978363,0,1.438586017,0
120,13,0.914854216,0,0.147628964,0,0.195417199,0
120,14,1.829708431,0,0.039279565,0,0,0
121,1,0,0,0,0,0,0
121,2,0,0,0,0,0,0
121,3,0,0,0.670004146,0,0,0.009953498
121,4,0,0,0.040743822,0,0.325409576,0
121,5,0,0,0,0,0,0.07899094
121,6,0,0,0,0,0.298893966,0
121,7,0,0,0,0,0,0
121,8,0,0,0,0,0,0
121,9,0.74077656,0,0,0,0.340576673,0
121,10,0.263009527,0,0,0.337372526,0,0
121,11,1.003786087,0,0.288971466,0,0.218168535,0
121,12,1.744562647,0,0,0,0,0
121,13,0.048252023,0,0,0.680201403,0,0.376855343
121,14,0,0,0,0.966970644,0,0.861419786
122,1,0,0,0,0,0,0
122,2,0,0,0,0,0,0
122,3,0,0,0,0,0,0
122,4,0,0,0,0,0,0
122,5,0,0,0,0,0,0
122,6,0,0,0,0,0,0
122,7,0,0.672856722,0,0,0,0
122,8,0,0,0,0,0.357770881,0
122,9,0,0.672856722,0,1.050299932,0,1.116024744
122,10,0,0,1.172043775,0,0,0
122,11,0,0,1.010096092,0,0,0
122,12,0,0,1.281485357,0,0.084808774,0
122,13,0,0,0,0,0,0
122,14,0,0.672856722,0,0,0,0.89926235
123,1,0,0,0,0,0,0
123,2,0,0,0,0,0,0
123,3,0,0,0,0.687304667,0,0
123,4,0,0,0,0,0,1.242889186
123,5,0,0,0.869470484,0,0.636022217,0
123,6,0.411773158,0,0,0,0,0
123,7,0.823546315,0,0.543712212,0,0,0
123,8,0,0,0,0,0,0
123,9,0,0,0,0,0,0
123,10,0,0,0,0,0,0
123,11,0,0,0,0,0,0
123,12,0,0,0,0,0,0.061465958
123,13,0,0,0,0,0.771915593,0
123,14,0.411773158,0,0.629071331,0,0.828434941,0
124,1,0,0,0,0,0,0
124,2,0,0.292486066,0,0,0,0
124,3,0,0.584972132,0,0,0,0
124,4,0,0.877458198,0,0,0.124016041,0
124,5,0,0,0,0.174140209,0,0
124,6,0,0,0,0.423102038,0,0.051120664
124,7,0,0,0,0,0,0
124,8,0,0.292486066,0.221142627,0,0.414835588,0
124,9,0,0,0,0,0,0.662627822
124,10,0,0,0,0,0.088288562,0
124,11,0,0,0,0,0,0
124,12,0,0,0.392835946,0,0,0
124,13,0,0,0,0,0,0.009424724
124,14,0,0,0,0.201640871,0,0.354317283
125,1,0,0,0,0,0,0
125,2,0,0,0.098894448,0,0,0
125,3,0.114941219,0,0.4675065,0,0.883724538,0
125,4,0,0,0,0.56996479,0,0.339901566
125,5,0,0,0,0,0,0
125,6,0,0,0,0.054362895,0,0.811956686
125,7,0,0,0,0,0,0
125,8,0,0,0,0.27145843,0.292510558,0
125,9,0.114941219,0,0,0.075925486,0,0
125,10,0.229882439,0,0.136886166,0,0,0
125,11,0.344823658,0,0,0,0,0
125,12,0.459764877,0,0,0,0,0
125,13,0,0,0,0,0,0
125,14,0.114941219,0,0,0,0,0
126,1,0,0,0,0,0,0
126,2,0,0,0,0,0,0
126,3,0,0,0,0,0,0
126,4,0,0,0.251842671,0,0,0
126,5,0,0,0,0,0,0
126,6,0,0,0,0,0,0
126,7,0,0,0,0,0.389099041,0
126,8,0,0,0,1.564550745,0,1.186770498
126,9,0,0.414213562,0,0.074630918,0,0.732130653
126,10,0,0.828427125,0,0,0,0.11555552
126,11,0,1.242640687,0,0,0,0
126,12,0,1.656854249,0,0,0,0
127,1,0,0,0,0,0,0
127,2,0,0,0,0,0,0
127,3,0.820930936,0,0,0,0,0
127,4,0,0,0,0.212956557,0,0.412787319
127,5,0,0,0.004619701,0,0.009644599,0
127,6,0,0,0,0,0,0
127,7,0,0,0.084078409,0,0.893630083,0
127,8,0,0,0.184387712,0,0,0.268808235
127,9,0.820930936,0,0,0,0,0
127,10,0,0,0,0.212956557,0.094035455,0
127,11,0,0,0,0,0,0
127,12,0,0,0,0,0,0
127,13,0,0,0,0.906039982,0,0
127,14,0.820930936,0,0.227491687,0,0.011913524,0
128,1,0,0,0,0,0,0
128,2,0.028991511,0,0,0,0.582124284,0
128,3,0.057983022,0,0.235777613,0,0.677487525,0
128,4,0.086974533,0,0,0,0,0
128,5,0,0.371988681,0,0.051020459,0,0
128,6,0,0.743977362,0.235777613,0,0,0
128,7,0,1.115966043,0,0.520326034,0,0.418374197
128,8,0,1.487954725,0,0,0,0
128,9,0,0.65945331,0,0,0,0.615528723
128,10,0,0,0,0,0,0.147958223
128,11,0.028991511,0,0,0,0,0
128,12,0.057983022,0,0,0.916756639,0,0.409053128
128,13,0,0,0.181352004,0,0.559804921,0
128,14,0.028991511,0,0,0,0,0
129,1,0,0,0,0,0,0
129,2,0,0,0,0,0,0
129,3,0,0,0,0,0,0.117900817
129,4,0,0,0,0.480533764,0,0.182526488
129,5,0,0,0,0,0,0.088341982
129,6,0,0,0,0,0,0
129,7,0,0,0,0,0,0
129,8,0,0,0,0,0,0
129,9,0,0,0,0,0.246857345,0
129,10,0,0,0,0,0.64058585,0
129,11,1.449489743,0,0,0,0.17481191,0
129,12,2.898979486,0,1.103275509,0,1.039791964,0
129,13,1.490731195,0,1.747196715,0,0.477632556,0
129,14,0.082482905,0,0.192715885,0,0,0
130,1,0,0,0,0,0,0
130,2,0,0,0,0,0,0
130,3,0,0.788854382,0,0,0,0
130,4,0,1.577708764,0,0,0,0.056512575
130,5,0.341640786,0,0,0,0,0
130,6,0,0,0,0.610290754,0,0
130,7,0.341640786,0,0.251005451,0,0.454185803,0
130,8,0,0,0,0,0,0
130,9,0,0,0.540219298,0,0.616916247,0
130,10,0,0,0.614828652,0,1.233726117,0
130,11,0,0,0.122102705,0,0.274575945,0
130,12,0,0,0,0,0,0
130,13,0.341640786,0,0.742046735,0,0,0
130,14,0.683281573,0,0,0,0,1.042016379
131,1,0,0,0,0,0,0
131,2,0,0.154700538,0,0,0,0.477579899
131,3,0,0,0,0,0.511361993,0
131,4,0,0,0.447334739,0,1.382381306,0
131,5,0,0,0.633065613,0,1.51885591,0
131,6,0,0,0.654071622,0,0,0
131,7,0,0,0.32209578,0,0,0
131,8,0.539600718,0,0,0.830048272,0,0
131,9,1.079201436,0,0,0,0,0
131,10,0,0.154700538,0,0,0,0
131,11,0,0,0,0,0,0
131,12,0.539600718,0,0,0,0,0
131,13,0,0.154700538,0,0,0,0
131,14,0,0.309401077,0,0,0,0.407840377
132,1,0,0,0,0,0,0
132,2,0,0,0,0.49358092,0,0.61334534
132,3,0,0,0,0,0.623749355,0
132,4,0,0,0,0,0,0
132,5,0,0,0.562022754,0,0,0
132,6,0,0,0.380947304,0,0,0
132,7,0,0,0,0,0,0
132,8,0,0,0.075869603,0,0,0
132,9,0,0,0,0.402048973,0,0
132,10,0,0,0,0,0.522454396,0
132,11,0,0,0,0.402048973,0.407091507,0
132,12,0,0,0,0,0,0
132,13,0,0,0.113944875,0,0,0
132,14,0,1.523573073,0,0.093916634,0,0
133,1,0,0,0,0,0,0
133,2,0,0,0.796318436,0,0,0.055082474
133,3,0,0,0.950959072,0,0,0.029995199
133,4,0,0,0,0.319268452,0,0.135109597
133,5,0,0,0,0.819256818,0,0.045537787
133,6,0,0,0,0,0.065277575,0
133,7,0,0,0,0,0,0
133,8,0,0,0,0,0,0
133,9,0,0,0,0.270119962,0,0
133,10,0.820930936,0,0,0.907785154,0,0.043211991
133,11,1.641861872,0,0,0,0.519224808,0
133,12,2.462792808,0,0,0,0,0
133,13,0.855815829,0,0,0,0.357780881,0
133,14,0.462792808,0,0,0,1.150015928,0
134,1,0,0,0,0,0,0
134,2,0,0,0,0,0,0
134,3,0,0,0,0,0,0
134,4,2.200921998,0,0.343630738,0,0.292510172,0
134,5,0.816811359,0,0,0.306091239,0,0
134,6,0,0,0.236914679,0,0,0
134,7,0.408405679,0,0,0,0.088184127,0
134,8,0,0,0,0,0,0
134,9,0,0,0.376684385,0,0.408877111,0
134,10,0,0,0,0,0,0
134,11,0,0,0.159474707,0,0,0.071051445
134,12,0,0,0,1.056645117,0,0.957021553
134,13,0,0,0,0.814518016,0,0
134,14,0,0,0,0.770948893,0,0.409053522
135,1,0,0,0,0,0,0
135,2,0,0,0,0,0,0
135,3,0,0.51636508,0,0,0,0
135,4,0,1.032730161,0,0,0,0
135,5,0,0,0,0,0,0
135,6,0,0.51636508,0,0,0,0.45177485
135,7,0,0,0.23877426,0,0.144618151,0
135,8,0,0.51636508,0.257064383,0,0,0.927417442
135,9,0,0,0,0,0,0.231781229
135,10,0,0,0,0,0.422614922,0
135,11,0,0,0.340136856,0,0.37454212,0
135,12,0,0,0,0,0,0
135,13,0,0,0,1.62147404,0,0.536970241
135,14,0,0,0,0.905597651,0,0
136,1,0,0,0,0,0,0
136,2,0,0,0,0.54176521,0,0.250530084
136,3,0,0,0,0,0,0
136,4,0,0,0.477378449,0,0.324606249,0
136,5,0,0,0.895212231,0,0.736606231,0
136,6,0,0,0,0,0,0
136,7,0,0,0.218817181,0,0,0
136,8,0,0.45999279,0,0,0,0.567640346
136,9,0,0.91998558,0,0,0,0.069348714
136,10,0,0,0,0,0,0
136,11,0,0.45999279,0,0,0,0
136,12,0,0,0,0.350764239,0,0
136,13,0,0,0.590742335,0,0.035320419,0
136,14,0,0,0,0,0.362551225,0
137,1,0,0,0,0,0,0
137,2,0,0,0,0,0,0
137,3,2.200921998,0,0,0,1.12418457,0
137,4,0.816811359,0,0,0,0.66315849,0
137,5,0,0,0,0,0,0.171251659
137,6,0,0,0,0,0.070529805,0
137,7,0,0,0,0,0,0
137,8,0,0,0,0,0,0
137,9,0.408405679,0,0,0,0,0
137,10,0,0,0,0,0,0
137,11,0,0,0,0,0,0
137,12,0,0,1.600608625,0,0,0.150043639
137,13,0,0,2.457348411,0,0,0
137,14,0,0,1.00694533,0,0,0.52110825
138,1,0,0,0,0,0,0
138,2,0,0,0,0.556275174,0,0.009486802
138,3,0,0,0,0.123100388,0,0
138,4,1.182820625,0,0,0,0,0
138,5,0.667891875,0,0,0,0,0
138,6,0.152963125,0,0,0,0,0
138,7,0,0.212678125,0,0,0,0
138,8,0,0.42535625,0,0,0,0
138,9,0,0.638034376,0,0,0,0
138,10,0,0.850712501,0,0,0,0
138,11,0,0,0.352449488,0,1.301734149,0
138,12,0,0.212678125,0.748092047,0,1.779125366,0
138,13,0,0,0,0,0.943292733,0
138,14,0,0,0,0.765432924,0,0
139,1,0,0,0,0,0,0
139,2,0,0.028991511,0,0,0,0.37952265
139,3,0,0,0,0,0,0
139,4,0,0,0,0,0,0
139,5,0,0,0,0,0.337894547,0
139,6,0,0.028991511,0.141609747,0,0,0
139,7,0,0.057983022,0,0,0,0
139,8,0,0.086974533,0,0,0,0
139,9,0.371988681,0,1.189232603,0,0.751586662,0
139,10,0.743977362,0,0.287046927,0,0.073594895,0
139,11,1.115966043,0,0,0.156489866,0,0
139,12,1.487954725,0,0,0,0,0
139,13,0,0.028991511,0,0,0,0
139,14,0,0,0,1.199191737,0,0.419264751
140,1,0,0,0,0,0,0
140,2,0,0,0,0,0,0
140,3,0,0,0,0,0,0
140,4,0,0,0,0,0,0
140,5,1.294157339,0,0.862680578,0,0.716420143,0
140,6,0.98240454,0,0,0.010247385,0.720625343,0
140,7,0,0,0,0,0,0
140,8,0,0,0,0,0,0
140,9,0,0,0,0,0,0
140,10,0,0,0,0,0,0
140,11,0,0,0,0,0,0.220308486
140,12,0,0,0,0,0,0
140,13,0,0,0,0,0,0
140,14,0,0,1.269550574,0,1.03247464,0
141,1,0,0,0,0,0,0
141,2,0,0,0,0.00215399,0,0
141,3,0.616447718,0,0.148225266,0,0.263883272,0
141,4,1.232895436,0,0.271126324,0,0.902035302,0
141,5,0,0,0.585184308,0,0.68003001,0
141,6,0,0,0,0,0,0
141,7,0,0,0,0,0,0
141,8,0,0,0,0,0,0
141,9,0,0,0,0,0,0
141,10,0,0,0,0,0,0
141,11,0,0,0,0,0,0
141,12,0,0,0.221747161,0,0,0.695842849
141,13,0.616447718,0,0.579645977,0,0,0
141,14,0,0,0,0.708508781,0,1.024668448
142,1,0,0,0,0,0,0
142,2,0,0,0,0.897278757,0,0.304783854
142,3,0,0,0,0,0,0
142,4,0,0,0,0,0,0
142,5,0,0,0,0,0,0
142,6,0,0,0,0,0,0
142,7,0,0,0.460654961,0,0,0
142,8,0,0,0,0,0,0.041965905
142,9,0.411773158,0,0.460654961,0,1.20286134,0
142,10,0.823546315,0,0.544468604,0,1.56677837,0
142,11,1.235319473,0,0,0,0,0.087257346
142,12,1.64709263,0,0,0.313198237,0,0
142,13,0.89622907,0,0,0,0,0
142,14,0,0,0,0.073497049,0,0
143,1,0,0,0,0,0,0
143,2,0,0,0,0.35832329,0,0
143,3,0,0,0,0,0,0
143,4,0,0,0,0,0,0
143,5,0,0,0,0.639120334,0,0.62376747
143,6,0,0,0,0,0,0.105181328
143,7,0,0,0,0,0,0
143,8,0,0,0,0,0,0.8819082
143,9,0,0,0,0,0,0
143,10,0,0,0,0,0,0
143,11,0.51636508,0,0.348752396,0,0.277224022,0
143,12,1.032730161,0,1.310880846,0,0.91399332,0
143,13,1.549095241,0,1.084960204,0,1.145668666,0
143,14,2.065460322,0,0,0.505661663,0,0
144,1,0,0,0,0,0,0
144,2,0,0,0,0,0,0
144,3,1.523573073,0,0.325317542,0,0.564165619,0
144,4,0,0,0,0.052090324,0,0.256561828
144,5,0,0,0,0.311812878,0,0.181525851
144,6,0,0,0,0,0.39710425,0
144,7,0,0,0,0.117658397,0,0.338573716
144,8,0,0,0,0,0,0.561251616
144,9,0,0,0,0,0,0
144,10,0,0,0,0,0,0
144,11,0,0,0.34736198,0,0,0
144,12,0,0,0,0.157413751,0,0
144,13,0,0,0,0,0,0
144,14,0,0,0,0,0,0
145,1,0,0,0,0,0,0
145,2,0,0.371988681,0,0.270728479,0,0.485107703
145,3,0,0.743977362,0,0,0,0
145,4,0,0,0,0.314049106,0,0
145,5,0.028991511,0,0.017350415,0,0.423263548,0
145,6,0,0.371988681,0,0,0.271685444,0
145,7,0,0,0,0,0,0
145,8,0,0,0,0,0,0
145,9,0.028991511,0,0,0.270728479,0,0.469999344
145,10,0.057983022,0,0,0,0,0
145,11,0.086974533,0,0,0,0,0
145,12,0,0.371988681,0,0,0,0
145,13,0.028991511,0,0,0.772039775,0,0.625899719
145,14,0.057983022,0,0,0,0,0
146,1,0,0,0,0,0,0
146,2,0,0,0,0,0,0
146,3,0,0,0,0.288593897,0,0
146,4,0,0,0,0,0,0
146,5,0,0,0,0,0,0
146,6,0,0,0,0,0,0
146,7,0,0,0,0,0,0.239412956
146,8,0,0,0,0,0,0
146,9,0.154700538,0,0,0,0,0
146,10,0.309401077,0,0,0,0,0
146,11,0.464101615,0,1.189581042,0,0,0
146,12,0.618802154,0,0.254811469,0,1.29703156,0
146,13,0.773502692,0,0,0,0,0
146,14,0.92820323,0,0,0.569045676,0,0
147,1,0,0,0,0,0,0
147,2,0,0,0,0,0,0
147,3,0,0,0,0.058502022,0,0
147,4,0,0,0,0,0,0
147,5,1.449489743,0,0.388180695,0,0.967358521,0
147,6,0.041241452,0,0,0.264472761,0,0.26786785
147,7,0,0,0,0.084178179,0,0
147,8,0,0,0,0,0,0
147,9,0,0,0.057610373,0,0,0
147,10,0,0,0,0,0,0
147,11,0,0,0,0,0,0
147,12,0,0,0,0,0,0
147,13,1.449489743,0,0.388180695,0,1.114456045,0
147,14,0.041241452,0,0,0.657920794,0,0
148,1,0,0,0,0,0,0
148,2,0,0,0,0,0,0
148,3,0,0,0,0,0,0
148,4,0,0,0,0,0,0.015602239
148,5,0.341640786,0,0.027938993,0,0,0
148,6,0,0,0,0,0,0
148,7,0.341640786,0,0,0,0,0
148,8,0,0,0,0.262207596,0,0
148,9,0,0,0.337062399,0,0.264561945,0
148,10,0,0,0,0,0,1.161877559
148,11,0.341640786,0,0,0,0,0.216624231
148,12,0.683281573,0,0,0.255624135,0,0
148,13,0,0,0,0,0,0
148,14,0,0,0,0.350785067,0,0
149,1,0,0,0,0,0,0
149,2,0.154700538,0,0,0,0,0
149,3,0.309401077,0,0,0,0,0
149,4,0.464101615,0,0,0,0,0
149,5,0.618802154,0,0.116818498,0,0,0
149,6,0.773502692,0,0,0,0,0
149,7,0,0,0,0,0,0
149,8,0,0,0,1.062753624,0,0
149,9,0,0,0.736753151,0,0,0
149,10,0,0,0.526216262,0,0,1.062098972
149,11,0,0,0.983610821,0,0,0.652126648
149,12,0,0,0,0,0,0
149,13,0.154700538,0,0,0,0.804960512,0
149,14,0,0,0,0.457764081,0.457229916,0
150,1,0,0,0,0,0,0
150,2,0,0,0,0,0,0
150,3,0,0.292486066,0,0,0,0
150,4,0,0.584972132,0,0,0,0
150,5,0,0,0,0.5149085,0,0.032835256
150,6,0,0.292486066,0,0.879044115,0,0
150,7,0,0,0,0,0.015167589,0
150,8,0,0,0,0,0,0
150,9,0,0,0.067260113,0,0.36634828,0
150,10,0,0.292486066,0,0.881837977,0,0.79442409
150,11,0,0,0,0,0,0
150,12,0,0.292486066,0,0,0,0
150,13,0,0,0.067260113,0,0,0
150,14,0,0,0.428502953,0,0.795977352,0
151,1,0,0,0,0,0,0
151,2,0.341640786,0,0.01771428,0,0,0
151,3,0,0.162755348,0,0,0,0
151,4,0,0,0,0,0,0
151,5,0,0.162755348,0,0.664572565,0,0.265320283
151,6,0,0.325510697,0,1.129988997,0,0.906508055
151,7,0,0,0,0.279179424,0,0.163149197
151,8,0,0.162755348,0.182608963,0,0.461743245,0
151,9,0.341640786,0,0,0,0,0
151,10,0.683281573,0,0.507451489,0,0.834989116,0
151,11,0,0,0,0,0.318526409,0
151,12,0,0,0,0,0,0
151,13,0.341640786,0,0,0,0,0
151,14,0,0,0.276782149,0,0.53915127,0
152,1,0,0,0,0,0,0
152,2,0,0,0.160521175,0,0,0
152,3,0,0,0,0.544451699,0,0
152,4,0,0,0,0,0,0
152,5,0,0,0,0.682921265,0,0
152,6,0,0,0,0.474820974,0,0
152,7,0,0,0,0.266720682,0,0
152,8,0,0,0,0,0,0.347717418
152,9,1.157277487,0,0,0,0.721778614,0
152,10,2.314554973,0,0.489536905,0,1.130625379,0
152,11,2.099019514,0,0.234649381,0,0.508037472,0
152,12,0.510671108,0,0,0,0,0
152,13,0,0,0,0,0,0
152,14,0,0,0,0,0,0.224470724
153,1,0,0,0,0,0,0
153,2,0.154700538,0,0.124405766,0,0,0
153,3,0,0,0,0,0.06062141,0
153,4,0,0,0,0,0,0
153,5,0.154700538,0,0.472012899,0,0.527946698,0
153,6,0.309401077,0,1.001453899,0,0.254429624,0
153,7,0,0,0.192728978,0,0,0
153,8,0.154700538,0,0,0,0,0
153,9,0.309401077,0,0,0.964861474,0.049453675,0
153,10,0,0,0,0,0,0
153,11,0,0.539600718,0,0,0,0
153,12,0,1.079201436,0,0.25718926,0,0.554690794
153,13,0,1.618802154,0,0.432338374,0,1.287699575
153,14,0,0.811252243,0,0,0,0.036036934
154,1,0,0,0,0,0,0
154,2,0,0,0,0,0,0
154,3,0,0,0,0,0,0
154,4,0,0,0.403644335,0,0,0
154,5,0.341640786,0,0,0,0,0.162451461
154,6,0.683281573,0,0.284130605,0,1.108664093,0
154,7,0,0,0.088505894,0,0.121023031,0
154,8,0,0.788854382,0.11636214,0,0,0.310196024
154,9,0,0.01246118,0.223894206,0,0,0
154,10,0.341640786,0,0,0,0,0
154,11,0.683281573,0,0,0,0.656121469,0
154,12,0,0,0,0,0,0
154,13,0,0,0,0,0,0
154,14,0,0.788854382,0,0.865736327,0,0.290490599
