Sonnet,line,sentiment_m,sentiment_v,sentiment_r
1,1,1,0.65285253,0.544380145
1,2,0,0.137459634,0.150255461
1,3,2,0.521743811,0.751276184
1,4,2,0,0.363642375
1,5,2,0.637997847,0.151691193
1,6,0,0.637997847,0.019899268
1,7,0,0.453713671,0.674406583
1,8,0,0.16189451,0.263612003
1,9,2,0.958127018,1.110168374
1,10,0,0.342518837,0.222943962
1,11,2,0,0.12869443
1,12,0,0.453713671,0.767022256
1,13,0,0.135091496,0.147852091
1,14,0,0.092357374,0.692013725
2,1,1,0.006350915,0.245616191
2,2,0,0,0.40284504
2,3,2,0.5131324,0.492612678
2,4,2,0.269537137,1.308436783
2,5,1,0.025511302,0.929883225
2,6,0,0.049515608,0.682951558
2,7,1,0.318622174,0.291928098
2,8,0,0.137782562,0.843171506
2,9,2,0.506350915,1.770573428
2,10,0,0.301614639,0.57887706
2,11,0,0.342518837,0.383691232
2,12,0,0.732831001,0.791181551
2,13,0,0.732831001,0.713961562
2,14,0,0.243595264,0.277141087
3,1,0,0.006350915,0.048407149
3,2,0,0,0.22069099
3,3,1,0.342518837,0.328088641
3,4,0,0.342518837,0.171527567
3,5,0,0.492142088,0.369015589
3,6,0,0.492142088,0.145328342
3,7,0,0.621851453,0.052629453
3,8,0,0.940473628,0.097831716
3,9,1,0.318622174,0.346750924
3,10,1,0.630678149,0.665167047
3,11,1,0.630678149,0.570751891
3,12,1,0,0.608139351
3,13,2,0,0.914121244
3,14,0,0.645209903,0.477590159
4,1,1,0.006350915,0.480723016
4,2,0,0,0.668961993
4,3,1,0,0.22546305
4,4,1,0.549623251,0.234253322
4,5,2,0.741119483,0.854433633
4,6,1,0.191496233,0.773502752
4,7,1,0.388805167,0.954051158
4,8,0,1.098170075,1.631503405
4,9,0,0.978471475,0.853971815
4,10,0,0.352206674,0.377867573
4,11,0,0.083100108,0.204245136
4,12,0,0.294079656,0.163944014
4,13,0,0.336598493,0.010994396
4,14,2,0.630678149,0.343716819
5,1,1,0.467707212,0.207540509
5,2,0,0.224111948,0.61903257
5,3,2,0.332185145,1.477390882
5,4,0,0.393756728,0.258808496
5,5,0,0.027771798,0.610472493
5,6,0,0,0.362259157
5,7,0,0,0.010017002
5,8,0,0.630678149,0.818468234
5,9,0,0.630678149,0.812011291
5,10,0,0.583745963,0.338539059
5,11,0,1.214424112,0.395782345
5,12,0,0.810764263,0.120766145
5,13,2,0.180086114,0.50350683
5,14,0,0.659203445,0.566015876
6,1,1,0.423466093,0.549911213
6,2,0,0.417115178,0.678183786
6,3,2,0.685575888,0.258283287
6,4,2,0.366953714,0.600632861
6,5,2,0.031431647,0.180455123
6,6,0,0.460602799,0.524013217
6,7,0,0.110548977,0.737532008
6,8,0,0.566953714,1.220905585
6,9,0,0,0.143740286
6,10,0,0.566953714,0.696571066
6,11,1,0.645209903,0.453920866
6,12,1,0.645209903,0.191779833
6,13,0,0.342518837,0.131976317
6,14,2,0.342518837,0.584506508
7,1,1,0.593649085,0.440028593
7,2,1,0.6,0.650056806
7,3,1,0,0.536153924
7,4,0,0,0.302710695
7,5,0,0.659203445,0.152932155
7,6,0,0.109580194,0.050248519
7,7,0,0.325080732,0.071425912
7,8,0,0.874703983,0.483467295
7,9,2,0.421851453,0.487268674
7,10,0,0.504951561,0.159805796
7,11,0,0.083100108,0.326843391
7,12,0,0.294079656,0.58471579
7,13,0,0.67459634,0.657344133
7,14,0,0.380516685,0.229588963
8,1,1,0.460064586,0.646648759
8,2,2,0.330893434,1.608592095
8,3,2,0.506458558,1.197603429
8,4,0,0.49590958,0.07767261
8,5,2,0.235952637,0.658354993
8,6,2,0.772335845,0.712315895
8,7,0,0.997847147,0.036208894
8,8,0,0.679224973,0.45531409
8,9,2,0.49386437,0.485144657
8,10,0,0.882669537,0.584629622
8,11,0,1.004413348,0.933769746
8,12,0,0.048654467,0.290757487
8,13,1,0.566953714,0.608721052
8,14,1,0,0.05188014
9,1,1,0.537997847,0.529155739
9,2,0,0.531646932,0.460361339
9,3,0,0.645209903,0.659127301
9,4,0,1.03401507,0.08236276
9,5,0,1.004413348,0.101960798
9,6,0,0.296986006,0.353679939
9,7,1,0.61270183,0.373546268
9,8,1,0.294079656,0.019610779
9,9,0,0,0.063502288
9,10,0,0.716038751,0.782047417
9,11,2,1.331646932,1.054362313
9,12,0,0.119052745,0.621945239
9,13,0,1.228525296,0.164303413
9,14,0,0.987728741,0.179789771
10,1,1,0.089451023,0.633638484
10,2,0,0.083100108,0.413727819
10,3,2,0.753821313,1.027809033
10,4,2,0.753821313,1.209696283
10,5,0,0.615608181,0.359080995
10,6,0,0.615608181,0.762780314
10,7,0,0.083100108,0.328338971
10,8,0,0.515715823,0.371489993
10,9,1,0.432615716,0.099695458
10,10,1,0.566953714,0.723942021
10,11,2,0.284068891,1.469484473
10,12,0,0.851022605,0.614619971
10,13,0,0.685575888,0.109397931
10,14,0,0.05489774,0.422906636
11,1,1,0.006350915,0.37673394
11,2,1,0,0.260247771
11,3,1,0.342518837,0.229250073
11,4,0,0.342518837,0.273865414
11,5,0,0.924757804,0.88489823
11,6,2,1.35737352,1.654812584
11,7,0,0.432615716,0.734634131
11,8,0,0,0.279834623
11,9,1,0,0.429507202
11,10,1,0.763832078,0.831353655
11,11,2,1.449407966,1.705392473
11,12,0,0.036167922,0.311622527
11,13,1,0.721743811,0.459954087
11,14,1,0.645209903,0.198087497
12,1,0,0.006350915,0.013362528
12,2,1,0.566953714,0.63380361
12,3,0,0.566953714,0.855428802
12,4,0,0,0.151658752
12,5,0,0,0.309491551
12,6,2,0,0.199082976
12,7,2,0,0.226470959
12,8,0,0,0.194022302
12,9,0,0.630678149,0.348351658
12,10,0,0.630678149,0.958879525
12,11,0,0.823466093,0.576157546
12,12,0,1.468675996,0.644582168
12,13,0,0.782992465,0.169375895
12,14,2,0.685683531,0.661152627
13,1,0,0.850376749,0.707688576
13,2,1,1.175349839,0.822275764
13,3,0,0.318622174,0.283604865
13,4,2,0.49386437,0.443114964
13,5,1,0.173950484,0.245520918
13,6,1,0.530032293,0.883102291
13,7,0,0.137782562,0.111884858
13,8,0,0.773304629,0.865842149
13,9,2,0.692572659,1.299736252
13,10,2,0.450914962,1.132676595
13,11,2,0.531646932,0.350691575
13,12,0,0.6,0.627194406
13,13,0,1.262432723,1.184556363
13,14,2,0.662432723,0.441351838
14,1,0,0.006350915,0.210487421
14,2,0,0,0.308068434
14,3,0,0.204628633,0.136935317
14,4,1,0.448223897,0.150856987
14,5,1,0.243595264,0.162284364
14,6,1,0,0.34993468
14,7,1,0.294079656,0.259938463
14,8,0,0.255543595,0.416087436
14,9,0,0.549623251,0.329941632
14,10,1,0,0.545235108
14,11,0,0.782454252,0.012853974
14,12,0,0.782454252,0.837512662
14,13,1,0,0.038685411
14,14,1,0.432615716,0.325906392
15,1,0,0.006350915,0.244753459
15,2,1,0.354251884,0.172746902
15,3,1,0.176103337,0.293043149
15,4,0,0.178148547,0.172964791
15,5,0,0.342518837,0.067131393
15,6,0,0.207104413,0.279087423
15,7,1,0.207104413,0.120595923
15,8,0,0.224434876,0.093572062
15,9,0,0.566953714,0.610857808
15,10,2,0.644133477,1.092944434
15,11,2,1.076749193,0.942411174
15,12,0,0.432615716,0.08263248
15,13,2,0.083100108,0.004236597
15,14,0,0.083100108,0.356334074
16,1,0,0.006350915,0.196265331
16,2,1,0.837782562,0.745066216
16,3,2,0.405166846,0.951690484
16,4,0,1.117330463,0.665521163
16,5,0,0.037029064,0.228778
16,6,1,0.721743811,0.797753839
16,7,1,0.782454252,0.551689751
16,8,0,0.782454252,0.086628318
16,9,0,0,0.665005401
16,10,1,0,0.127168273
16,11,0,0.417115178,0.358328326
16,12,1,0.417115178,0.254843732
16,13,2,0,0.0469524
16,14,0,0.49386437,0.257036235
17,1,1,0.006350915,0.351296208
17,2,2,0,0.501120178
17,3,2,0.306350915,0.045221094
17,4,0,0.497847147,0.543070261
17,5,2,0.822174381,1.346524085
17,6,0,0.05489774,0.301221019
17,7,2,1.139289559,1.09597307
17,8,2,1.112917115,1.141753056
17,9,2,0.659203445,0.506922023
17,10,0,0.584930032,0.796592426
17,11,2,0.802691066,0.84264785
17,12,0,0.217761033,0.034014091
17,13,0,0.566953714,0.051383084
17,14,0,0.566953714,0.616504284
18,1,1,0.006350915,0.06433637
18,2,0,0.671689989,0.980744084
18,3,2,0.158557589,1.155780749
18,4,0,0.5131324,0.120641353
18,5,0,0.549623251,0.666320878
18,6,0,0.549623251,0.611293089
18,7,0,0.6,0.350435713
18,8,0,0.330893434,0.653797528
18,9,2,0.269106566,0.590643515
18,10,0,0.593218515,0.631768713
18,11,0,0.071474704,0.136119134
18,12,0,0.521743811,0.422490497
18,13,1,0,0.082448399
18,14,1,0,0.679065845
19,1,1,0.006350915,0.236233467
19,2,0,0.49386437,0.605506968
19,3,0,0.105059203,0.498535524
19,4,0,0.388805167,0.125381594
19,5,1,0.432615716,0.013795634
19,6,0,0.432615716,0.518065573
19,7,0,0.531646932,0.253941599
19,8,1,1.441119483,0.641142053
19,9,0,1.251991389,0.739014413
19,10,0,0.101937567,0.175822397
19,11,2,0.003013994,0.108394995
19,12,0,0.288051668,0.344339289
19,13,2,0.930678149,0.78793515
19,14,2,1.084607104,1.350255858
20,1,0,0.525296017,0.037810311
20,2,1,0.037782562,0.672628293
20,3,0,0.237459634,0.636663515
20,4,0,0.256404736,0.41489613
20,5,0,0.530355221,1.074864722
20,6,0,0.530355221,0.483039099
20,7,0,0,0.021852813
20,8,0,0.549623251,0.600014431
20,9,1,0.818729817,0.525265117
20,10,1,0.269106566,0.1532327
20,11,0,0.5131324,0.668438741
20,12,0,0.5131324,0.419116507
20,13,0,0.679224973,0.084691179
20,14,2,0.128740581,1.003027269
21,1,0,0.006350915,0.099296596
21,2,1,0.630678149,0.293774439
21,3,0,0.081054898,0.179073707
21,4,0,0.050376749,0.20483125
21,5,0,0.0868676,0.105706492
21,6,0,0.0868676,0.648530276
21,7,0,0.6,0.341680555
21,8,0,0.416469322,0.137718811
21,9,2,0.455435953,0.05432664
21,10,0,0.056081808,0.286179575
21,11,2,1.315285253,0.922775536
21,12,0,0.499461787,0.649033795
21,13,0,0.642088267,0.545069734
21,14,2,1.120990312,0.434403495
22,1,1,0.006350915,0.585752007
22,2,0,0,0.969619986
22,3,2,0,0.211642557
22,4,0,0.645209903,0.230043075
22,5,2,1.275888052,0.662067128
22,6,0,0.630678149,0.556035728
22,7,0,0,0.174162125
22,8,0,0,0.38174794
22,9,0,0.685575888,0.3795069
22,10,0,0.685575888,0.004610353
22,11,0,0,0.248630905
22,12,0,0.453713671,0.659518084
22,13,2,0.453713671,0.194309859
22,14,0,0,0.241485679
23,1,1,0.006350915,0.674130213
23,2,0,0.531646932,0.497599707
23,3,0,0.068353068,0.590456202
23,4,0,0.257481163,0.474801008
23,5,0,0.053821313,0.348502055
23,6,0,0.904305705,1.597230097
23,7,0,0.477825619,1.420626568
23,8,0,0.611840689,0.651159303
23,9,2,0.474058127,0.25816558
23,10,1,0.549623251,1.329408406
23,11,1,1.235199139,0.776900234
23,12,2,0.685575888,0.378984923
23,13,2,0.685575888,0.067530381
23,14,0,0.467814855,0.277272342
24,1,0,0.359634015,0.052717578
24,2,1,0.36598493,0.805504382
24,3,0,0,0.711798703
24,4,0,0.685575888,0.763250895
24,5,0,0.685575888,0.40038176
24,6,0,0,0.431190903
24,7,0,0,0.080340293
24,8,0,0,0.069004334
24,9,0,0.474058127,0.644111338
24,10,0,0.474058127,0.202636013
24,11,0,0,0.328168314
24,12,0,0.49386437,0.194022613
24,13,2,0.01926803,0.427380078
24,14,0,0.5131324,0.011452734
25,1,1,0.426264801,0.412795916
25,2,0,0.367168999,0.107192315
25,3,2,0.286652314,0.142997499
25,4,0,0.337890205,0.246071421
25,5,2,0.06189451,0.019660994
25,6,2,0.912917115,0.730495292
25,7,0,0.110548977,0.968744016
25,8,0,0,0.510273329
25,9,2,0.158557589,0.282233145
25,10,2,0.269106566,0.468730872
25,11,0,0.531646932,0.034254105
25,12,0,0.531646932,0.604841554
25,13,2,0.973304629,1.66993252
25,14,0,0.973304629,1.323166929
26,1,1,0.679224973,0.748283718
26,2,0,0.040365985,0.467087194
26,3,0,0.645209903,0.758054243
26,4,0,0,0.462680685
26,5,2,0.111087191,0.407450545
26,6,0,0.111087191,0.472174778
26,7,2,0.890312164,0.856842409
26,8,0,0.890312164,0.382607814
26,9,0,0,0.110271602
26,10,0,0.732831001,0.42536656
26,11,0,0.087621098,0.95901078
26,12,0,0.259203445,1.119870599
26,13,0,0.21883746,0.019090728
26,14,2,0.685575888,0.892905629
27,1,1,0.300430571,0.005603532
27,2,0,0.210979548,0.246259977
27,3,2,0.083100108,0.323002859
27,4,0,0,0.163771928
27,5,1,0,0.229453046
27,6,1,0.137782562,0.149167568
27,7,1,0.137782562,0.344724231
27,8,1,0.615608181,0.653520537
27,9,1,1.147255113,0.185984327
27,10,1,0.531646932,0.245155677
27,11,0,0.659203445,0.459160276
27,12,0,0.075457481,1.056624545
27,13,1,0.583745963,0.586881041
27,14,1,0.318622174,0.288279416
28,1,1,0.609257266,0.358471762
28,2,0,0.121743811,0.188974369
28,3,0,0.73444564,0.945182705
28,4,0,0.438643703,0.339077071
28,5,1,0.147578041,0.264486109
28,6,1,0.083961249,0.559187478
28,7,0,0.226803014,0.322408232
28,8,0,0.388805167,0.340951751
28,9,2,0.685575888,0.940928645
28,10,0,0.096878364,0.753476331
28,11,0,0.592895587,0.435075994
28,12,0,0.129063509,0.521661865
28,13,2,0.885575888,0.457408026
28,14,0,0.977933262,0.294390135
29,1,1,0.537997847,0.554648782
29,2,0,0.262540366,0.237932953
29,3,0,0.024973089,0.347212742
29,4,0,0.289666308,0.272827861
29,5,0,1.538966631,1.871495679
29,6,0,0.09795479,0.887381148
29,7,0,0.857265877,0.779548962
29,8,0,0.788805167,0.008171904
29,9,0,1.357050592,1.692232484
29,10,1,0.568245425,1.163843211
29,11,1,0.388805167,0.210683124
29,12,0,0.821420883,0.343767842
29,13,0,1.386329386,0.462997265
29,14,0,1.386329386,1.129898104
30,1,1,0.487513455,0.249295946
30,2,1,0.49386437,0.485048391
30,3,1,0.318622174,0.653398541
30,4,0,0.194510226,0.129935143
30,5,0,0.10247578,0.625689069
30,6,0,1.423573735,0.38641783
30,7,0,1.62378902,0.367479239
30,8,0,0.651022605,0.133415965
30,9,0,0.507857912,0.096103269
30,10,0,0.060172228,0.436686547
30,11,0,0.11722282,0.697028969
30,12,0,0.505059203,0.691445696
30,13,2,1.000861141,0.516697271
30,14,0,1.364370291,0.145162967
31,1,1,0.006350915,0.708069043
31,2,1,0.698170075,1.504583225
31,3,1,1.606889128,1.71710517
31,4,1,0.395586652,1.399432736
31,5,1,0.5131324,0.306955154
31,6,0,0.837782562,0.360937963
31,7,1,1.180301399,0.337207735
31,8,1,0.342518837,0.020668033
31,9,0,0.410979548,0.16585704
31,10,2,0.155974166,0.297751695
31,11,1,0.566953714,0.547122653
31,12,0,0.269106566,0.413850809
31,13,1,0.914316469,1.133498621
31,14,0,0.645209903,0.52588423
32,1,0,0.006350915,0.615732599
32,2,1,0.645209903,0.891949551
32,3,1,0.645209903,0.58866337
32,4,1,0.342518837,1.231312749
32,5,0,0.342518837,0.947311756
32,6,0,0,0.063096776
32,7,2,0.685575888,0.417648147
32,8,2,0.118622174,0.374688851
32,9,2,0.309795479,0.395982709
32,10,2,0.639504844,0.101267418
32,11,0,0.620021529,0.484179755
32,12,0,0.38320775,0.491683945
32,13,0,0.755758881,0.554950881
32,14,2,0.281700753,0.705508751
33,1,1,0.679224973,0.994995881
33,2,0,0.069967707,0.66834813
33,3,0,0,0.115108917
33,4,0,0.043595264,0.240682484
33,5,2,0.659203445,1.295956501
33,6,0,0.549623251,0.354228018
33,7,0,0.358127018,0.993311931
33,8,0,0.685898816,0.980252932
33,9,2,0.877395048,1.600879338
33,10,0,0.659203445,0.304730241
33,11,2,0.659203445,0.674539516
33,12,0,0,0.48197476
33,13,2,0.49386437,0.913445078
33,14,0,0.49386437,0.737000958
34,1,1,0.747470398,0.064452151
34,2,0,0.753821313,0.23466536
34,3,0,0,0.095332018
34,4,0,0.721743811,0.48891664
34,5,0,0.721743811,0.53410753
34,6,0,0,0.297604778
34,7,0,0.027771798,0.468191556
34,8,0,0.444886975,0.239107728
34,9,0,0.594187298,0.040953858
34,10,0,0.165446717,0.238256369
34,11,0,0.098923574,0.263046274
34,12,0,0.793218515,0.999208613
34,13,2,0.166415501,0.017401061
34,14,0,0.498277718,0.83634752
35,1,0,0.725618945,0.505742712
35,2,1,0.71926803,0.420045364
35,3,0,0,0.312937072
35,4,0,0,0.527055836
35,5,0,0.5131324,0.208506593
35,6,0,0.5131324,0.535540279
35,7,0,0,0.567423269
35,8,0,0.773304629,0.122075469
35,9,1,0.340688913,0.650010071
35,10,0,0.488159311,0.037853379
35,11,1,0.055543595,0.115439728
35,12,0,0.566953714,0.885712922
35,13,1,0.566953714,0.871422842
35,14,0,0.566953714,0.973656033
36,1,1,0.006350915,0.11659617
36,2,2,0.615608181,0.717569599
36,3,2,0.615608181,0.771263577
36,4,0,0.54219591,0.365711391
36,5,2,1.358019376,0.902517553
36,6,2,1.38277718,0.801790073
36,7,2,0.566953714,0.253143314
36,8,2,0.615608181,0.120863033
36,9,0,0.615608181,0.633633699
36,10,0,0.685575888,0.101953838
36,11,0,1.476856835,0.862442834
36,12,0,0.259634015,0.300974417
36,13,2,1.37255113,1.021056641
36,14,0,1.314962325,0.122999789
37,1,1,0.638858988,0.220139493
37,2,0,0.212594187,0.466903051
37,3,2,0.899354144,0.938030021
37,4,2,1.210333692,1.463102605
37,5,1,0.107427341,0.314946053
37,6,0,0.851022605,0.530494459
37,7,1,0.294079656,0.112430172
37,8,0,0.391496233,0.697771943
37,9,0,0.100861141,0.843446135
37,10,0,0.786437029,0.063001068
37,11,0,0,1.055740745
37,12,0,0.583745963,0.117902324
37,13,0,0.387405813,0.156772748
37,14,0,0.163186222,0.006804534
38,1,1,0.076749193,0.170131423
38,2,2,0.083100108,0.131511391
38,3,0,0.685575888,1.012379851
38,4,2,0.685575888,1.497604275
38,5,2,0.474058127,1.189293217
38,6,0,0,0.590867432
38,7,2,1.164908504,0.861229093
38,8,2,0.690850377,0.706096667
38,9,0,0.313347686,0.84801168
38,10,1,0.313347686,0.891704255
38,11,1,0,0.486770561
38,12,0,0,0.074712274
38,13,0,0.6,0.07147302
38,14,0,0.023143165,0.062068855
39,1,0,0.237244349,0.386571024
39,2,1,0.230462863,0.338620908
39,3,2,0.125941873,0.045678065
39,4,0,0.163832078,0.231434683
39,5,0,0.763832078,0.929013906
39,6,0,0.672658773,0.199892883
39,7,1,0.672658773,0.038499465
39,8,1,0.269106566,0.157559163
39,9,2,0.269106566,0.657108562
39,10,2,0.453713671,0.695676576
39,11,0,0.362109795,0.833731917
39,12,0,0.539827772,1.18475511
39,13,1,0.275995694,0.436439511
39,14,1,0.583745963,0.507736405
40,1,1,0.893541442,0.75220473
40,2,0,0.899892357,0.648031853
40,3,0,1.006350915,0.039783123
40,4,0,1.006350915,0.07815823
40,5,1,0.92088267,0.49964492
40,6,0,0.126480086,0.063964479
40,7,1,1.473627557,1.335633724
40,8,0,0.679224973,0.387369123
40,9,2,0.164800861,0.343349341
40,10,2,0.980624327,0.749085173
40,11,0,1.399569429,0.609361855
40,12,0,1.347578041,0.406438161
40,13,0,1.057911733,0.868124983
40,14,2,1.029063509,1.108555087
41,1,1,0.824327234,0.76183853
41,2,0,0.830678149,0.581792836
41,3,0,0.763832078,1.120588776
41,4,1,0.763832078,1.357972842
41,5,0,0.823466093,1.001141837
41,6,0,0.239720129,0.490985531
41,7,1,0.583745963,0.100180644
41,8,0,0.055543595,0.096365096
41,9,0,0.055543595,0.250549089
41,10,0,0.630678149,0.086997971
41,11,0,1.230678149,0.938039343
41,12,0,0.408503767,0.31237501
41,13,0,0.822174381,1.098254692
41,14,0,0,1.244982379
42,1,1,0.410764263,0.071995308
42,2,2,0.413562971,0.953061583
42,3,2,0.830678149,0.910341679
42,4,0,0.474058127,0.593697942
42,5,2,0.041442411,0.429004242
42,6,0,0.488266954,0.634525951
42,7,1,1.638428418,1.112697468
42,8,0,1.24919268,0.896150227
42,9,0,0.696447793,0.54770771
42,10,0,0.026695371,0.455416571
42,11,1,0.241119483,0.737107479
42,12,1,0.432615716,0.193532145
42,13,1,0.956404736,0.834811046
42,14,0,0.603982777,0.036810233
43,1,0,0.679224973,0.566887123
43,2,0,0.685575888,0.827858042
43,3,1,0.591926803,0.291229311
43,4,0,0.16189451,0.0522818
43,5,0,0.279763186,0.098622171
43,6,0,0.141550054,0.070997716
43,7,0,0.204628633,0.784335689
43,8,0,0.410979548,0.375126369
43,9,1,0.645209903,0.06486363
43,10,0,0.645209903,0.2855361
43,11,1,0.698170075,0.311911638
43,12,0,0.698170075,0.263640902
43,13,2,0,0.275469567
43,14,2,0.732831001,0.184702099
44,1,0,0.438966631,0.320132762
44,2,1,0.673196986,0.394188199
44,3,0,0.24058127,1.269044692
44,4,0,0,0.423674407
44,5,1,0.294079656,0.107198157
44,6,1,0.294079656,0.24501628
44,7,2,0,0.732781824
44,8,0,0,0.52600691
44,9,2,0.74876211,0.82562937
44,10,0,0.74876211,0.804544576
44,11,0,0,0.167574922
44,12,0,0.164800861,0.391220903
44,13,0,0.164800861,0.556552112
44,14,0,0.777933262,0.396566771
45,1,0,0.372335845,0.061210163
45,2,1,0.36598493,0.519990407
45,3,0,0.432615716,0.385905113
45,4,0,0.214854682,0.211920854
45,5,1,0.217761033,0.117498241
45,6,1,0.685575888,0.749804903
45,7,2,0.954682454,0.631188442
45,8,0,0.669537137,0.845680961
45,9,2,0.938643703,0.872323982
45,10,0,0.217761033,0.146767057
45,11,0,0.322927879,0.0053954
45,12,0,0.198170075,0.272667831
45,13,2,0.257481163,0.595581323
45,14,0,0.918622174,0.770827363
46,1,1,0.651560818,0.357798518
46,2,0,0.645209903,0.181114756
46,3,0,0,0.34278703
46,4,0,0.685575888,0.236886389
46,5,1,0.685575888,0.533626881
46,6,1,0,0.026039506
46,7,2,0.5131324,0.046523893
46,8,2,0.375349839,0.30114582
46,9,1,0.137782562,0.014708208
46,10,0,0,0.475778527
46,11,0,0.49386437,0.163386613
46,12,0,0.191711518,0.625550604
46,13,1,0.685575888,0.388627921
46,14,0,0.685575888,0.652969226
47,1,1,0.006350915,0.162710261
47,2,0,0.474058127,0.456393841
47,3,2,0.474058127,1.000335037
47,4,0,0.36598493,0.586147576
47,5,2,0.36598493,0.563986635
47,6,0,0,0.555112216
47,7,0,0,0.083719813
47,8,0,0.807965554,0.036533801
47,9,0,0.122389666,0.187776537
47,10,0,0.685575888,0.031492269
47,11,0,0.318622174,0.11365019
47,12,0,0.318622174,0.392988441
47,13,0,0,0.541392402
47,14,0,0.645209903,0.93785489
48,1,1,0.158449946,0.017299201
48,2,0,0.309257266,0.071979523
48,3,0,0.474058127,0.207199257
48,4,0,0.762970936,0.74015047
48,5,0,0.103767492,0.743796169
48,6,2,0.189989236,0.216164785
48,7,2,0.119698601,0.804484914
48,8,2,1.535844995,1.610338006
48,9,1,0.566953714,0.558175468
48,10,1,0.531646932,0.255246697
48,11,1,0.057588805,0.213165918
48,12,0,0.141550054,0.112040942
48,13,1,1.147255113,0.721725933
48,14,0,1.434553283,0.249601992
49,1,1,0.006350915,0.43845452
49,2,0,0.432615716,0.263732632
49,3,0,1.118191604,1.111123209
49,4,0,0.343057051,0.43628352
49,5,0,0.661141012,0.046798088
49,6,0,0.589451023,0.006737787
49,7,0,0.41474704,0.096899068
49,8,0,0.685575888,0.00772556
49,9,2,0,0.108962029
49,10,0,0,0.068945418
49,11,2,0.531646932,0.237207256
49,12,2,0.531646932,0.285467489
49,13,2,0.027771798,0.101925809
49,14,0,0.521636168,0.352853687
50,1,1,0.006350915,0.125661506
50,2,2,0.294079656,0.477856989
50,3,0,0.682884822,0.715857186
50,4,2,0.388805167,0.471258785
50,5,0,0.743595264,0.957038155
50,6,0,0.449515608,0.674245248
50,7,1,0.294079656,0.284032005
50,8,1,0.645209903,0.470187735
50,9,0,0.821205597,0.960892981
50,10,0,0.534122713,0.223960137
50,11,0,0.710118407,0.369066923
50,12,0,0,0.713134129
50,13,0,0,0.376630712
50,14,0,0.318622174,0.290803973
51,1,0,0.577395048,0.195674308
51,2,1,1.016361679,0.155000238
51,3,0,0.432615716,0.115031419
51,4,0,0.318622174,0.186461247
51,5,0,0.135091496,1.059730368
51,6,2,0.564262648,0.855759799
51,7,0,0.110548977,0.275540788
51,8,0,0.318622174,0.049057026
51,9,0,0.456404736,0.207830179
51,10,0,0.706673843,0.503717448
51,11,0,1.644241119,0.549625459
51,12,0,1.804198062,0.736352572
51,13,0,1.004413348,1.026330357
51,14,0,0.055543595,0.400678825
52,1,1,0.873735199,0.739340688
52,2,0,0.194510226,0.012238838
52,3,1,0.685575888,0.898822509
52,4,1,0.318083961,0.303348329
52,5,0,0.115715823,0.770503512
52,6,1,0.202368138,0.411395546
52,7,0,0.566953714,0.067784315
52,8,1,0.073089343,0.138474277
52,9,0,0.49386437,0.32973033
52,10,1,0.191496233,0.572364496
52,11,1,1.108503767,1.017197528
52,12,0,1.081808396,1.028725709
52,13,0,0.810010764,1.110863992
52,14,0,0.128094726,0.707224893
53,1,0,0.006350915,0.034334524
53,2,1,0.217761033,0.627121196
53,3,1,0.217761033,0.839127752
53,4,1,0,0.103614109
53,5,1,0,0.224190766
53,6,1,0,0.663815711
53,7,1,0.630678149,1.07064826
53,8,1,0.630678149,0.276806111
53,9,0,0,0.066455726
53,10,0,0.630678149,0.263067653
53,11,0,0.630678149,0.256041502
53,12,0,0.645209903,0.873553695
53,13,0,0.191496233,0.603988517
53,14,0,0.086975242,0.701801154
54,1,1,0.890850377,0.833645096
54,2,0,0.199031216,0.573082797
54,3,0,0.520021529,0.076160063
54,4,0,0.315715823,0.515761267
54,5,0,0.49386437,0.969148535
54,6,0,0,0.49507111
54,7,1,0.36598493,0.259375841
54,8,1,0.36598493,0.178570126
54,9,2,0.615608181,0.015165987
54,10,0,0.615608181,0.486239697
54,11,0,0.243595264,0.270046262
54,12,2,0.737459634,0.398176579
54,13,0,0.389558665,1.182693925
54,14,0,0.540904198,1.446776821
55,1,0,0.006350915,0.077481692
55,2,1,0.540688913,0.793200848
55,3,0,0.156189451,0.241974034
55,4,0,1.228525296,1.24064793
55,5,2,0.113562971,0.284858443
55,6,0,0.645209903,0.408767637
55,7,1,0.278148547,0.301990716
55,8,1,0.278148547,0.561345427
55,9,0,0.645209903,0.792910744
55,10,0,1.245209903,1.482899516
55,11,0,0.6,0.585265329
55,12,0,0.432615716,1.03555765
55,13,0,0.432615716,0.879998021
55,14,0,0.645209903,0.028614465
56,1,1,0.856942949,0.938755345
56,2,0,0.863293864,0.804035587
56,3,0,0,0.069890868
56,4,0,0,0.396867193
56,5,1,0.72088267,0.126446616
56,6,0,0.72088267,0.509405812
56,7,1,0.621420883,0.017291806
56,8,0,0.037674919,0.635513724
56,9,1,0.748546825,0.300125482
56,10,0,0.164800861,0.817427325
56,11,0,0,0.150541028
56,12,1,0.920667384,0.839744318
56,13,2,0.389020452,0.417736086
56,14,2,0.037782562,0.448119145
57,1,1,0.006350915,0.324082921
57,2,0,0.432615716,0.380728348
57,3,1,0.043810549,0.892714339
57,4,0,0.388805167,0.703718591
57,5,0,0,0.479082228
57,6,0,0,0.905016443
57,7,0,0.332508073,0.707453223
57,8,1,0.332508073,0.270870152
57,9,1,0.49386437,0.652693104
57,10,0,0.49386437,0.802951672
57,11,1,0.243595264,0.80212511
57,12,0,1.088051668,1.653109804
57,13,1,0.169860065,0.670230952
57,14,1,1.333799785,0.502364869
58,1,1,0.06189451,0.936543017
58,2,1,0.671151776,0.964820207
58,3,0,0.083961249,0.05739014
58,4,0,0.531646932,0.123114949
58,5,0,0.583745963,0.680504623
58,6,1,0.694294941,0.219008097
58,7,1,0.110548977,0.876572014
58,8,0,0.338213132,0.903000253
58,9,0,1.029063509,1.405509553
58,10,0,0.30204521,1.002591801
58,11,0,0.388805167,0.028355558
58,12,0,0.318622174,0.113912453
58,13,0,0.443057051,0.177372418
58,14,0,0.337136706,0.383180006
59,1,0,0.006350915,0.031043377
59,2,1,0,0.075709742
59,3,0,0,0.558844082
59,4,0,0.474058127,0.238219236
59,5,1,0.474058127,0.199261029
59,6,0,0,0.281621675
59,7,1,0,0.013474207
59,8,1,0,0.206381023
59,9,0,0,0.015000426
59,10,1,0,0.579797962
59,11,1,0.474058127,0.37994504
59,12,0,0.474058127,0.384432341
59,13,0,0.342518837,0.309648349
59,14,1,0.170613563,0.37596418
60,1,0,0.382454252,0.085713693
60,2,1,0.388805167,0.162095312
60,3,1,0,0.137220388
60,4,1,0.055543595,0.000963411
60,5,2,0.055543595,0.043771876
60,6,0,0,0.092654764
60,7,2,0.243595264,0.205408911
60,8,0,0.230462863,0.12360088
60,9,2,0.474058127,0.206693936
60,10,2,0,0.538749205
60,11,0,0.342518837,0.377044864
60,12,0,0.342518837,0.267925353
60,13,2,0.474058127,0.89208696
60,14,0,0.284176534,0.28529273
61,1,0,0.006350915,0.13038621
61,2,1,0.294079656,0.434302878
61,3,0,0.183530678,0.262325985
61,4,0,0.02744887,0.112683858
61,5,1,0.27459634,0.469157329
61,6,1,0.191496233,0.666017846
61,7,0,0.432615716,0.145360628
61,8,0,0.090096878,0.071753772
61,9,0,0.038966631,0.130118789
61,10,1,0.989128095,1.628075347
61,11,0,0.026372443,0.208987739
61,12,1,0.293218515,0.369776337
61,13,2,0.36598493,0.222288181
61,14,0,0,0.200218722
62,1,1,0.606350915,0.129635468
62,2,0,0.6,0.591980868
62,3,0,0.811948332,1.386078318
62,4,0,0.811948332,1.780593475
62,5,2,0.431108719,0.257808232
62,6,0,0.167491927,0.957504697
62,7,0,0.020021529,0.626912381
62,8,0,0.243595264,0.046313958
62,9,2,0,0.092277902
62,10,0,0,0.409786484
62,11,0,0,0.034412022
62,12,0,0,0.528325572
62,13,2,0.6,1.480522497
62,14,0,0.030678149,0.240290458
63,1,1,0.679224973,0.443320921
63,2,0,0.575026911,0.121362575
63,3,0,0.499354144,0.186156848
63,4,0,0.731324004,0.178412644
63,5,0,0.342518837,0.33513729
63,6,2,0.566953714,0.664388711
63,7,2,0.566953714,1.305860239
63,8,0,0.388805167,0.292177341
63,9,2,0.388805167,0.177035144
63,10,0,0.630678149,0.12203644
63,11,0,0.852099031,0.095642693
63,12,0,0.616361679,1.050191343
63,13,0,0.207104413,0.194879752
63,14,0,0.630678149,0.043816746
64,1,1,0.525296017,0.130502675
64,2,0,0.299031216,0.079942983
64,3,0,0.830678149,0.121759325
64,4,0,0.6,0.507946153
64,5,1,1.166953714,0.569659151
64,6,0,0.297847147,0.262779413
64,7,0,0.361571582,0.214133804
64,8,0,1.230678149,0.656564709
64,9,0,0.6,0.093721402
64,10,1,0.432615716,0.656345142
64,11,0,0.198062433,0.371491049
64,12,0,1.316254037,0.263619026
64,13,0,1.330785791,0.155796908
64,14,0,0.348439182,0.484754557
65,1,0,0.006350915,0.128781685
65,2,1,0.679224973,0.725844108
65,3,0,0.555005382,0.084846952
65,4,0,0.234768568,0.014355987
65,5,0,0.110548977,0.714005313
65,6,0,0,0.27606407
65,7,0,0.248439182,0.074118579
65,8,0,0.002691066,0.104211285
65,9,0,0.331324004,0.556021621
65,10,0,1.382238967,0.654408128
65,11,0,0.069321851,0.075888603
65,12,1,0.480301399,0.65640325
65,13,1,0.332938644,0.580118022
65,14,0,0.135522067,0.647867659
66,1,1,0.881054898,0.876013867
66,2,0,0.874703983,0.656967487
66,3,0,0.620452099,0.443253926
66,4,0,0.592680301,0.725330894
66,5,0,0.110871905,0.98434572
66,6,0,0.193649085,0.423695102
66,7,0,0.30204521,0.392371751
66,8,0,0.3401507,0.673938674
66,9,0,0.448546825,0.151566152
66,10,0,0.083100108,0.025385652
66,11,0,0.342518837,0.11300687
66,12,0,0.31474704,0.574371022
66,13,0,0.501829925,0.929539674
66,14,2,0.816576964,0.705826201
67,1,1,0.006350915,0.578595842
67,2,0,0.453713671,1.333330599
67,3,0,0.864693219,1.201668313
67,4,0,0.410979548,0.031984477
67,5,0,0,0.32211446
67,6,0,0.880086114,0.046022362
67,7,0,1.071582347,0.159498601
67,8,0,0.262217438,0.91618566
67,9,0,0.453713671,0.811554445
67,10,0,0.474058127,0.673601399
67,11,0,0.638858988,0.194513392
67,12,0,0.886544672,0.444797484
67,13,2,0.190096878,0.389677966
67,14,0,1.252421959,1.000021938
68,1,0,0.006350915,0.061992103
68,2,1,0.055543595,0.083801537
68,3,2,0.37416577,0.850589995
68,4,0,0.318622174,0.928198157
68,5,0,0.698170075,0.138554261
68,6,0,0.698170075,0.234801339
68,7,0,0,0.311865897
68,8,0,0.698170075,0.78300741
68,9,2,0.698170075,1.539052858
68,10,0,0.453713671,0.860886598
68,11,0,0.772335845,0.027034302
68,12,0,0.729601722,0.301136436
68,13,0,0.410979548,0.405354433
68,14,0,0.630678149,0.585762758
69,1,0,0.006350915,0.090763553
69,2,1,0.083100108,0.636146696
69,3,0,0.083100108,1.029414677
69,4,0,0.315069968,0.272924439
69,5,0,0.284930032,0.64517897
69,6,1,0.6,0.721655426
69,7,1,0.691926803,0.026247638
69,8,0,0.691926803,0.26756005
69,9,1,0.630678149,0.557849939
69,10,0,0.630678149,0.711594859
69,11,0,0.566953714,0.145270483
69,12,1,0.224434876,0.394478614
69,13,0,0.342518837,0.025359363
69,14,0,0,0.303473805
70,1,1,0.291496233,0.316881265
70,2,0,0.627664155,0.051390915
70,3,2,0.06846071,0.312718934
70,4,0,0.410979548,1.530714275
70,5,2,0.289558665,0.359859082
70,6,0,0.277395048,0.224028685
70,7,2,0.118622174,0.076836104
70,8,2,0.685575888,0.60974487
70,9,0,0,0.036191617
70,10,0,0.217761033,0.386732048
70,11,2,1.081054898,0.429689667
70,12,0,1.15737352,0.568506128
70,13,1,0.365123789,0.07920436
70,14,1,0.390096878,0.478488594
71,1,0,0.92335845,0.751131753
71,2,1,0.484391819,0.818816322
71,3,0,0.066630786,0.406358737
71,4,1,0.23401507,0.646267422
71,5,1,0.6,0.716988644
71,6,2,0.874703983,1.202069848
71,7,1,0.380839612,0.410045577
71,8,1,0.947578041,1.18675247
71,9,1,0.453713671,0.738983588
71,10,1,0,0.098856218
71,11,0,0.5131324,0.591657949
71,12,0,1.053821313,0.91093668
71,13,1,0.151883746,0.277317088
71,14,1,0.842518837,0.501767911
72,1,0,0.006350915,0.010165224
72,2,0,0.851022605,0.821152572
72,3,1,0.581916039,1.16788653
72,4,0,0.636383208,0.97333442
72,5,1,0.934230355,1.298741519
72,6,0,0.566953714,1.320309945
72,7,0,0.644133477,0.143262247
72,8,1,0.301614639,1.200069879
72,9,1,0.508503767,0.047962795
72,10,0,0.05123789,0.400677147
72,11,1,0.799784715,0.531023894
72,12,1,0.730462863,0.548244043
72,13,1,0.130462863,0.850823794
72,14,0,1.18934338,0.227253148
73,1,0,0.006350915,0.36024508
73,2,1,0,0.42174398
73,3,0,0.191496233,0.190122855
73,4,1,0.163724435,0.781720894
73,5,1,0.027771798,0.845512106
73,6,0,0,0.122759403
73,7,0,0,0.246549212
73,8,1,0,0.219314546
73,9,1,0.36598493,0.589672708
73,10,0,0.36598493,0.336647164
73,11,2,0,0.31775767
73,12,1,0,0.502821156
73,13,1,0.894833154,0.865959018
73,14,0,0.112378902,0.484859525
74,1,0,0.006350915,0.375516842
74,2,1,0,0.517932453
74,3,2,0.49386437,0.436785175
74,4,0,0.49386437,0.102310751
74,5,1,0,0.301660278
74,6,1,0,0.080905462
74,7,2,0,0.365245346
74,8,2,0.6,0.565318084
74,9,1,1.084068891,1.44333161
74,10,0,0.214101184,0.370425716
74,11,1,0.204305705,0.045839213
74,12,0,0.49386437,0.322918183
74,13,2,0.243595264,1.018927746
74,14,0,0.243595264,0.303157909
75,1,1,0.006350915,0.037470488
75,2,0,0,0.013145881
75,3,1,0.583745963,0.124418307
75,4,1,0.473196986,0.149474204
75,5,2,0.689235737,0.84297947
75,6,2,1.366738428,1.6298954
75,7,1,1.098600646,0.913954191
75,8,0,0.083961249,0.648942687
75,9,1,0.615608181,0.704984847
75,10,2,0.243595264,0.233232114
75,11,0,0.67621098,0.270697506
75,12,2,0.099031216,0.200480301
75,13,1,0.531646932,0.579773041
75,14,0,0,0.849901711
76,1,1,0.359634015,0.942073402
76,2,0,0.36598493,0.820131364
76,3,0,0,0.294088657
76,4,0,0.217761033,0.392458695
76,5,0,0.217761033,0.35369069
76,6,0,0,0.574825165
76,7,0,0,0.126146319
76,8,0,0,0.076729707
76,9,2,0.863293864,0.926040146
76,10,0,0.430678149,0.267100034
76,11,0,0.284930032,0.525813755
76,12,0,0.717545748,0.554280682
76,13,0,0,0.793475478
76,14,0,0.717545748,0.052902218
77,1,1,0.560602799,0.5182394
77,2,0,0.32335845,0.969548268
77,3,2,0.243595264,0.37703809
77,4,0,0,0.292294831
77,5,2,0.474058127,0.289558848
77,6,0,0.792680301,0.017426852
77,7,0,0.235522067,0.078633721
77,8,0,0.536813778,0.174539423
77,9,1,0.453713671,0.05599381
77,10,1,0.164800861,0.366546964
77,11,0,0.164800861,0.048470416
77,12,0,0,0.48890247
77,13,0,0,0.002205616
77,14,0,0.474058127,0.571322654
78,1,1,0.006350915,0.553600477
78,2,0,0.342518837,0.181417229
78,3,1,0.342518837,0.655599309
78,4,0,0,0.241393266
78,5,1,0.549623251,0.111207233
78,6,0,0.160818084,0.626754277
78,7,0,0.388805167,0.706889856
78,8,0,0.453713671,0.589575696
78,9,0,0.112055974,0.304298813
78,10,0,0.565769645,0.827068955
78,11,1,0,0.069399965
78,12,1,0.815823466,0.808070267
78,13,0,0.815823466,0.519770405
78,14,0,0.721743811,1.101714508
79,1,0,0.275457481,0.52140358
79,2,1,0.884714747,0.304716445
79,3,2,0.226803014,1.713003495
79,4,0,0.938428418,0.028494272
79,5,1,1.518514532,1.816910071
79,6,1,0.968891281,1.211447476
79,7,1,0,0.240671049
79,8,1,0.49386437,0.673120377
79,9,0,0.947578041,0.201782261
79,10,2,0.176964478,0.924282645
79,11,2,0.630678149,0.122753188
79,12,0,0.191496233,0.24166802
79,13,0,0.197308934,0.059110508
79,14,0,0.499354144,0.159989753
80,1,1,0.006350915,0.091556928
80,2,0,0.6,0.220115877
80,3,0,0,0.538142334
80,4,0,0.125941873,1.156061843
80,5,2,0.119806243,1.005355067
80,6,0,0.245748116,0.024819736
80,7,2,1.032615716,0.779603652
80,8,2,0.432615716,0.113689716
80,9,0,0.432615716,0.301806946
80,10,1,0.432615716,0.123407104
80,11,1,0.474058127,1.173595091
80,12,1,0.840043057,1.80697442
80,13,1,0.36598493,1.055673066
80,14,1,0.410979548,0.768035572
81,1,1,0.006350915,0.03005492
81,2,0,0.549623251,0.626743588
81,3,2,0.095586652,0.021973752
81,4,2,0.401614639,0.35131653
81,5,2,0.51270183,0.752367433
81,6,2,0.914316469,1.0445059
81,7,0,0.078256189,0.20200882
81,8,2,0.566953714,0.16389411
81,9,0,0.474058127,0.717936394
81,10,0,0.676103337,0.454901927
81,11,0,0.20204521,0.005282665
81,12,2,0.698170075,0.919134499
81,13,2,1.151883746,1.646060533
81,14,0,0.453713671,0.700678893
82,1,1,0.382454252,0.043309311
82,2,1,0.388805167,0.021052042
82,3,1,0.49386437,0.202857817
82,4,0,0.22787944,0.793437817
82,5,0,0.379224973,0.46123588
82,6,1,0.379224973,0.162745002
82,7,1,0.721743811,0.175353494
82,8,0,0,0.04271313
82,9,0,0.805274489,0.402087337
82,10,2,1.237890205,0.878846055
82,11,2,1.289881593,1.000375806
82,12,0,0.083961249,0.199057185
82,13,2,0.828848224,1.408414826
82,14,0,0.494079656,0.175284696
83,1,1,0.006350915,0.381854151
83,2,0,0.027771798,0.232898506
83,3,0,0.027771798,0.605282429
83,4,0,0.388805167,0.946795869
83,5,2,0.388805167,0.32847178
83,6,1,0.294079656,0.440969693
83,7,1,0.294079656,0.390743672
83,8,2,0.453713671,0.451622153
83,9,2,1.053713671,1.18433375
83,10,2,0.73196986,1.166062375
83,11,0,0.639720129,1.029829573
83,12,2,0.507750269,0.468850133
83,13,2,0.342518837,1.058192154
83,14,2,0.257481163,0.512004076
84,1,0,0.006350915,0.049274915
84,2,1,0.791280947,0.990915771
84,3,0,0.791280947,1.079719066
84,4,0,0,0.171532663
84,5,2,0.137782562,0.335682759
84,6,0,0.601722282,0.565246055
84,7,2,0.46393972,0.188749643
84,8,0,0.640365985,0.172327903
84,9,0,0.640365985,0.177760841
84,10,1,0.765769645,0.5841321
84,11,1,0.291711518,0.641067693
84,12,0,0.075565124,0.713384335
84,13,2,0.034122713,1.172433243
84,14,0,0.254036598,0.384796588
85,1,1,0.006350915,0.161584894
85,2,2,0.815823466,0.704346095
85,3,0,0.815823466,0.701587366
85,4,0,0.615608181,0.71026341
85,5,0,0.138213132,0.014316057
85,6,2,0.918622174,0.385899769
85,7,0,0.356297094,0.002619519
85,8,0,0.191496233,0.177597765
85,9,0,0.531646932,0.181717401
85,10,0,0.110441335,0.050809587
85,11,2,0.195694295,0.37149658
85,12,0,0.837782562,0.482246842
85,13,0,0.5131324,0.31978573
85,14,0,1.062755651,1.020902329
86,1,1,0.856942949,0.651651885
86,2,0,0.313670614,0.106849013
86,3,2,0.549623251,0.962332131
86,4,0,0,0.116472372
86,5,1,0.191496233,0.08269413
86,6,1,0.991280947,0.489663156
86,7,1,0.48116254,0.2777029
86,8,1,0.977825619,0.528923121
86,9,1,1.001722282,0.411390761
86,10,1,0.855651238,0.405511044
86,11,2,0.5131324,0.952159077
86,12,0,0.137244349,0.86280155
86,13,2,0.137244349,0.448193163
86,14,0,0.027771798,0.190803681
87,1,1,0.404628633,0.090617879
87,2,0,0.022174381,0.045349801
87,3,0,0.145209903,0.062234292
87,4,0,0.02583423,0.107024766
87,5,0,0.266307858,0.067062783
87,6,0,0.082884822,0.58414164
87,7,0,0.157588805,1.112778757
87,8,0,0.724542519,1.152260154
87,9,1,0.243595264,0.164469596
87,10,1,0.537674919,0.136211672
87,11,1,1.208719053,0.898859239
87,12,0,0.44058127,0.503146064
87,13,0,0.108073197,0.107701677
87,14,1,0.787836383,0.282755743
88,1,1,0.006350915,0.091487199
88,2,0,0.027771798,0.328436481
88,3,2,0.438751346,0.081508169
88,4,0,0.977933262,0.392106194
88,5,2,0.200968784,0.526940739
88,6,1,0.36598493,0.435854081
88,7,1,0.5131324,0.530186953
88,8,2,1.256727664,0.777487652
88,9,0,0.743595264,0.225153556
88,10,0,0.645209903,0.06973985
88,11,2,0.645209903,1.390216039
88,12,2,0,0.681719297
88,13,0,0.685575888,0.948579255
88,14,0,1.198708288,0.984796724
89,1,1,0.438966631,0.33298307
89,2,0,0.16350915,0.156589133
89,3,1,0.296878364,0.16885948
89,4,0,0.21926803,0.23101587
89,5,0,0.513455328,0.469606469
89,6,1,0.999031216,0.893649286
89,7,0,0.825726588,0.477500573
89,8,0,0.313885899,0.388031802
89,9,0,0.217761033,1.024122379
89,10,2,0.761679225,0.350910955
89,11,0,1.274811625,1.312099323
89,12,0,0.5131324,0.864451008
89,13,1,0,0.079129783
89,14,1,0.137782562,0.016656658
90,1,0,0.621959096,0.914332359
90,2,1,0.615608181,1.015564415
90,3,0,0.318622174,0.057982282
90,4,0,0.540043057,0.278715657
90,5,0,0.880624327,0.377181153
90,6,0,0.205489774,0.387490994
90,7,0,0.515285253,0.265998593
90,8,0,0.061571582,0.353388653
90,9,0,0.110548977,0.162864201
90,10,0,0.575026911,0.535308655
90,11,1,0.685575888,1.004068364
90,12,0,0.709364909,0.942162584
90,13,0,0.128417653,0.213910632
90,14,0,0.495263724,0.511810983
91,1,0,0.577395048,0.838445123
91,2,0,0.052099031,0.703988623
91,3,0,0.985360603,0.435403325
91,4,0,0.453713671,0.368286474
91,5,1,0.753821313,0.543973638
91,6,0,0.123143165,0.307462247
91,7,1,0.630678149,1.217812751
91,8,1,0.857265877,0.884615334
91,9,0,0,0.373591077
91,10,0,0.078040904,0.172867592
91,11,0,0.250592034,0.109222054
91,12,0,0.318729817,0.20946901
91,13,2,0.696555436,0.942911524
91,14,0,0.330570506,0.568685051
92,1,1,0.974058127,0.792227432
92,2,2,1.356512379,1.443212722
92,3,1,0.105059203,0.146373228
92,4,0,0.191711518,0.189528228
92,5,1,1.06803014,0.830801008
92,6,0,0.382454252,0.395575425
92,7,0,0.474058127,0.875663044
92,8,0,0.179978471,0.63388434
92,9,0,0.294079656,0.547001279
92,10,0,0,0.368138811
92,11,0,0.615608181,1.05560806
92,12,0,0.288374596,0.001136181
92,13,2,1.748223897,0.443643653
92,14,1,0.844241119,0.760856537
93,1,0,0.447362756,0.2773041
93,2,1,0.564262648,0.909653209
93,3,0,0.796124865,1.195541312
93,4,0,0.685575888,0.405884054
93,5,2,0.807965554,0.132544532
93,6,2,0.807965554,0.29282613
93,7,1,0,0.216998214
93,8,0,0.217761033,0.028797924
93,9,0,1.075026911,0.797212192
93,10,1,0.033046286,0.669304457
93,11,1,0.890312164,0.905404803
93,12,1,0.57416577,0.531068329
93,13,2,1.373950484,0.166409345
93,14,0,0.045963402,0.716111183
94,1,0,0.573304629,0.764592598
94,2,0,0.566953714,0.174502072
94,3,0,0,0.328186275
94,4,0,0,0.147165796
94,5,1,0.410979548,1.250464568
94,6,0,0.155974166,0.528999438
94,7,0,0.566953714,0.625641215
94,8,2,0.827125942,0.837284394
94,9,2,0.333261572,0.302622819
94,10,1,1.139074273,1.358159005
94,11,1,0.645209903,0.311217356
94,12,0,0.432615716,0.504691673
94,13,0,0.432615716,0.520397411
94,14,0,0.5131324,0.788307289
95,1,1,0.609257266,0.797305072
95,2,2,0.226803014,1.023946253
95,3,0,0.28277718,0.95961473
95,4,2,0.535952637,1.297095168
95,5,2,0.135629709,0.707757311
95,6,0,0,0.826466559
95,7,2,0.71722282,1.351265445
95,8,0,0.499461787,0.51876523
95,9,0,0.217761033,0.661314925
95,10,0,0,0.469455357
95,11,0,0,0.429308019
95,12,0,0.409257266,0.445910049
95,13,2,0.263401507,0.329301885
95,14,0,1.394402583,0.568259527
96,1,1,0.438966631,0.592339521
96,2,2,1.17621098,1.127776014
96,3,0,0.143595264,0.022514933
96,4,0,0.737782562,0.759499421
96,5,1,0.137782562,0.413464064
96,6,1,0.815823466,0.589784947
96,7,2,1.240688913,1.002161429
96,8,2,1.157696448,0.515831494
96,9,2,1.418406889,0.764305912
96,10,0,1.137567277,0.750272129
96,11,0,0.451991389,0.524302451
96,12,0,0.582454252,0.686096969
96,13,1,1.42335845,0.359034135
96,14,1,1.314962325,0.122999789
97,1,1,0.382454252,0.560142934
97,2,2,0.269321851,1.525758568
97,3,2,0.658127018,1.509889941
97,4,0,0,0.285116728
97,5,2,0,0.849286512
97,6,0,0.763832078,0.834430579
97,7,0,1.237890205,1.192031717
97,8,1,0.309257266,0.272308557
97,9,0,0.164800861,0.358885541
97,10,1,0.637997847,0.19052756
97,11,2,0.16393972,0.758878816
97,12,2,0.474058127,0.783029162
97,13,0,0.024219591,0.310195061
97,14,0,0.591173305,0.528713124
98,1,1,0.006350915,0.326379832
98,2,2,0,0.835384357
98,3,0,0.191496233,0.027372509
98,4,0,0.302368138,0.149551329
98,5,1,0.878148547,0.303476229
98,6,0,0.384284177,0.013327787
98,7,1,0,0.569734785
98,8,0,0.5131324,1.102244098
98,9,0,0.5131324,0.399218638
98,10,0,0.478902045,0.191689222
98,11,1,1.431216362,0.878296297
98,12,1,0.952314316,0.935699116
98,13,2,0,0.16444598
98,14,1,0.36598493,0.1964317
99,1,1,0.006350915,0.109513837
99,2,0,0.164800861,0.935085533
99,3,0,0.530785791,1.156553119
99,4,1,0.393756728,0.057784031
99,5,1,0.215823466,0.168535661
99,6,0,0.326695371,0.91663306
99,7,0,0.083100108,0.858267328
99,8,0,0.531646932,0.182765644
99,9,0,0.178471475,0.698465198
99,10,0,0.710118407,0.889143963
99,11,0,0,0.090013494
99,12,1,0.815823466,0.405412976
99,13,1,1.461033369,1.499385703
99,14,0,0.645209903,0.827640712
99,15,1,0.659203445,0.270470668
100,1,1,0.006350915,0.065869861
100,2,0,0,0.141745723
100,3,0,0.823466093,1.050852406
100,4,0,0.823466093,0.729445247
100,5,2,0.055543595,0.098081114
100,6,1,0.529601722,0.114472464
100,7,1,0.474058127,0.412030507
100,8,0,0.388805167,0.369598346
100,9,0,0.882669537,0.391878361
100,10,2,0.737459634,0.911120201
100,11,2,0.189020452,0.651235683
100,12,0,0,0.062746015
100,13,0,1.289881593,1.151716549
100,14,1,0.857265877,0.837464062
101,1,1,0.006350915,0.219500678
101,2,0,0.5131324,0.649242363
101,3,2,0.437782562,1.097959616
101,4,0,0.41926803,0.317409333
101,5,1,0.531646932,0.402570845
101,6,0,0.027771798,0.383847843
101,7,0,0.617438105,0.54606658
101,8,0,0.353067815,0.024393031
101,9,1,1.241872982,0.748868961
101,10,0,0.20247578,0.669905796
101,11,2,0.446071044,0.071540264
101,12,0,0.531646932,0.802123929
101,13,2,0.531646932,0.651181117
101,14,2,0,0.29339248
102,1,1,0.625296017,0.610159332
102,2,0,0.053928956,0.342830533
102,3,2,0.209580194,0.952233157
102,4,0,0.895156082,0.325535744
102,5,2,0.410979548,0.837608866
102,6,0,0.67050592,0.657649805
102,7,0,0.259526372,0.389072276
102,8,2,0.269106566,0.63384761
102,9,1,0.226157158,0.137045256
102,10,1,0.906243272,0.107132965
102,11,0,0.129709365,0.301161357
102,12,0,1.391711518,0.043763051
102,13,1,0.462217438,0.574779984
102,14,1,0.056297094,0.573131334
103,1,1,0.555974166,0.187048727
103,2,2,0.915608181,0.870199592
103,3,0,0.451022605,0.2921967
103,4,2,0.685037675,0.249621164
103,5,0,0.81883746,1.429344562
103,6,2,0.21883746,1.023783923
103,7,2,0,0.821487672
103,8,0,0.698170075,0.300220381
103,9,0,1.177072121,0.713023693
103,10,0,0.18482239,0.108862468
103,11,1,0.61270183,0.235595647
103,12,1,0.729601722,0.476742932
103,13,0,0.410979548,0.072656931
103,14,0,0,0.659531757
104,1,1,0.715392896,0.723736685
104,2,0,0.721743811,0.128692255
104,3,0,0.630678149,0.051315592
104,4,2,0.361571582,0.230309067
104,5,0,0.314639397,0.135165542
104,6,1,0.583745963,0.11158627
104,7,0,0,0.131656444
104,8,1,0.342518837,0.712257476
104,9,1,0.582238967,0.119898379
104,10,1,1.634876211,1.203875296
104,11,2,1.255866523,0.956974578
104,12,2,1.019806243,1.034174556
104,13,0,0.057588805,0.472329277
104,14,0,0.166523143,0.230801959
105,1,1,0.567814855,0.845023005
105,2,0,0.128417653,0.77507639
105,3,0,1,0.804360743
105,4,0,0.566953714,0.449531634
105,5,0,0.968891281,0.700247465
105,6,0,0.296232508,0.036759769
105,7,0,0.672658773,0.851677017
105,8,0,0,0.300131821
105,9,0,0.615608181,0.617192755
105,10,0,0.048654467,0.074232868
105,11,1,0.566953714,0.016970254
105,12,1,0,0.614089231
105,13,1,0.269106566,1.08587422
105,14,1,0.269106566,0.105669887
106,1,1,0.537997847,0.630663419
106,2,2,0.531646932,0.836279841
106,3,0,0.890312164,0.739109934
106,4,0,0.377179763,0.353791245
106,5,0,0.350161464,0.29917102
106,6,0,0.331646932,0.875853464
106,7,0,0.531646932,0.022343841
106,8,0,0.630678149,0.785103087
106,9,0,0.280624327,1.302488487
106,10,1,0.350053821,0.392756475
106,11,0,0.354251884,0.642496372
106,12,1,0.11065662,1.146901793
106,13,2,0.243595264,0.889374095
106,14,2,0.484068891,0.670434112
107,1,0,0.343702906,0.332777859
107,2,0,0.350053821,0.67516124
107,3,1,0.851022605,0.08046726
107,4,2,1.283638321,1.017217477
107,5,0,0.432615716,0.75136984
107,6,0,0.763832078,1.009130343
107,7,2,1.152637244,1.425107032
107,8,0,0.194940797,0.080070883
107,9,0,0.583745963,0.121567786
107,10,0,0.410979548,0.484838892
107,11,0,1.26350915,1.178235648
107,12,2,0.130785791,0.024355681
107,13,2,0.721743811,1.07625894
107,14,2,0,1.018153605
108,1,0,0.006350915,0.24518383
108,2,0,0.583745963,0.163923133
108,3,1,0.583745963,0.116121362
108,4,0,0.928417653,0.151968806
108,5,2,0.053175457,0.333784835
108,6,0,0.875242196,0.595546396
108,7,0,0.318622174,0.372613123
108,8,0,0.661141012,0.258866729
108,9,0,0.492680301,0.040654804
108,10,0,1.288912809,0.636604164
108,11,0,0.453713671,0.027523403
108,12,0,0,0.303846131
108,13,0,0.685575888,0.039253128
108,14,1,1.383745963,0.819856858
109,1,0,0.006350915,0.460224428
109,2,1,0,0.305980774
109,3,2,0.474058127,0.138096482
109,4,0,0.474058127,0.094000818
109,5,0,0.685575888,0.96149345
109,6,0,0.296770721,0.236510147
109,7,0,0.388805167,0.654131633
109,8,0,0,0.012147108
109,9,1,0,0.070764973
109,10,1,0,0.562615536
109,11,2,0,0.208715595
109,12,0,0.432615716,1.177262604
109,13,2,0.432615716,0.695023841
109,14,2,0.531646932,1.053260002
110,1,1,0.185145318,0.133400739
110,2,0,0.191496233,0.115293495
110,3,0,0.472658773,0.572894428
110,4,0,0.472658773,0.182454844
110,5,1,0.709364909,0.642408682
110,6,1,0.87416577,0.310138071
110,7,2,0.164800861,0.574973076
110,8,0,0.799784715,0.225099487
110,9,0,1.118406889,0.094811657
110,10,0,0.318622174,0.281532556
110,11,0,0.531646932,0.265130454
110,12,0,0.268137783,0.538509626
110,13,0,0.156620022,0.35310352
110,14,0,0.237997847,0.083583089
111,1,1,0.006350915,0.051092793
111,2,2,0.453713671,0.990414799
111,3,0,0.086437029,0.009490861
111,4,0,0.367276642,0.900394158
111,5,0,0,0.249811336
111,6,0,0,0.553971684
111,7,0,0.743595264,0.407864199
111,8,2,0.605812702,1.01530526
111,9,0,0.251022605,1.354955952
111,10,0,0.160818084,0.363283162
111,11,0,1.380301399,0.387056148
111,12,0,0.830678149,0.212442334
111,13,0,0.773304629,0.561592339
111,14,0,1.091926803,0.79429508
112,1,1,0.638858988,0.45035801
112,2,2,1.11926803,0.310042675
112,3,2,0.862863294,0.256587996
112,4,0,0.305705059,0.298731606
112,5,0,0.083100108,1.181289764
112,6,1,0.191496233,0.535623122
112,7,1,0.045963402,0.396551607
112,8,0,0.750592034,0.180628141
112,9,0,1.044779333,0.370385072
112,10,0,0.531646932,0.540430047
112,11,0,0.549623251,0.03254163
112,12,0,0.055758881,0.091430831
112,13,0,0.935306781,0.858367696
112,14,1,1.139612487,1.583090228
113,1,1,0.006350915,0.191991569
113,2,1,0,0.151824934
113,3,1,0.367599569,0.209253482
113,4,0,0.367599569,0.197637424
113,5,0,0.318622174,0.19974261
113,6,0,0.318622174,0.175210741
113,7,0,0.318622174,0.027246411
113,8,0,0.116576964,0.129081485
113,9,1,0.655758881,0.112091343
113,10,0,0.343702906,0.289911162
113,11,0,0.797416577,0.257173643
113,12,1,0,0.035984603
113,13,1,0.410979548,0.305296157
113,14,0,0.922712594,0.426509578
114,1,1,0.006350915,0.233702384
114,2,2,0.137782562,1.032200315
114,3,2,0.315931109,0.822253329
114,4,0,0.231862217,0.620695328
114,5,2,0.685575888,1.125647678
114,6,2,0.49386437,1.325857451
114,7,0,0.329601722,0.720264316
114,8,0,0.823466093,0.124754214
114,9,2,0.110548977,0.166854818
114,10,1,0.562109795,0.246387379
114,11,0,0.378579117,0.274617151
114,12,1,0.294079656,0.068440718
114,13,0,0.837782562,0.563250653
114,14,1,1.453390743,1.311221831
115,1,1,0.006350915,0.590895772
115,2,1,0.75123789,0.246896678
115,3,1,0.432615716,0.182167691
115,4,1,0.318622174,0.762830125
115,5,0,0.484068891,0.672590072
115,6,1,0.484068891,0.303792995
115,7,0,0.630678149,0.318679939
115,8,0,0.081054898,0.134349669
115,9,0,1.303444564,0.48729894
115,10,0,1.439397201,0.940935419
115,11,2,0.391496233,0.431817226
115,12,0,0.660064586,0.189382678
115,13,0,1.051560818,0.40961303
115,14,0,0.27459634,0.325370929
116,1,0,0.447362756,0.198460568
116,2,1,0.035737352,0.606005142
116,3,0,0.417976319,0.751233551
116,4,0,0,0.006288895
116,5,2,0.318622174,0.081542972
116,6,0,0.380193757,0.406745916
116,7,0,0.061571582,0.545943341
116,8,0,0,0.839843878
116,9,0,0.367276642,0.418395844
116,10,2,0.367276642,0.263907639
116,11,2,0.685575888,0.135662722
116,12,0,1.277502691,0.635845343
116,13,1,0.159311087,0.247316671
116,14,1,0.972012917,0.025106734
117,1,1,0.224111948,0.573124063
117,2,0,0.890419806,0.810875234
117,3,0,0.222497309,0.339184959
117,4,0,0.895156082,0.079086466
117,5,0,0,0.143089663
117,6,0,0,0.237209121
117,7,0,0,0.110422371
117,8,0,0,0.829743599
117,9,0,0.36598493,0.382015672
117,10,1,0.36598493,0.109015538
117,11,1,0,0.018934738
117,12,1,0.910871905,0.709953481
117,13,1,0.910871905,1.005675189
117,14,0,0.851022605,0.592914572
118,1,1,0.690958019,0.724916245
118,2,0,0.308503767,0.452105164
118,3,0,0.361033369,0.598977313
118,4,0,0.501829925,0.403785767
118,5,0,1.005705059,1.526897732
118,6,2,0.985360603,0.991628168
118,7,0,0.09590958,0.170251305
118,8,0,1.003336921,0.386055075
118,9,1,0.231862217,0.624400812
118,10,1,0.019052745,0.56536283
118,11,0,0.666523143,1.04118747
118,12,2,0.055543595,0.665201352
118,13,0,0.560064586,0.537400666
118,14,1,1.471474704,1.498751176
119,1,1,0.555974166,0.312771697
119,2,0,0.18320775,0.60069159
119,3,0,0.732831001,0.924228359
119,4,0,0.386975242,0.530910785
119,5,0,0.47007535,0.372559552
119,6,1,0.881485468,1.367208711
119,7,1,0.798385361,0.813241812
119,8,0,0.472443488,0.398127482
119,9,2,1.020667384,1.452095407
119,10,0,0.437674919,0.423568011
119,11,0,0.183530678,0.944195492
119,12,0,0.510441335,1.582881101
119,13,0,0.80452099,1.320000574
119,14,0,0.566953714,0.237380648
120,1,1,0.417330463,0.649672299
120,2,2,0.155974166,0.209567327
120,3,0,0.566953714,0.665075628
120,4,0,0.110548977,0.316504434
120,5,0,0.02744887,0.108994811
120,6,0,0.649730893,0.785968305
120,7,0,0.414208827,1.146168825
120,8,0,0.512055974,0.098165573
120,9,0,0.376964478,0.390695134
120,10,0,0.184607104,0.330756759
120,11,0,0.406889128,1.069565153
120,12,0,0.137782562,0.350932956
120,13,2,0,1.078291288
120,14,0,0,0.304055692
121,1,0,0.573304629,0.462293568
121,2,1,0.566953714,0.208688374
121,3,0,0.36598493,0.512608461
121,4,0,0.417330463,0.849936762
121,5,0,0.051345533,0.875062388
121,6,0,0,0.865412244
121,7,0,0,0.380363977
121,8,0,0.164800861,0.076583226
121,9,2,0.153821313,0.472117291
121,10,1,0.281377826,0.452051033
121,11,1,0.843595264,0.407501568
121,12,0,0.243595264,0.753400076
121,13,2,0.710118407,0.191038164
121,14,0,0.126372443,0.039199868
122,1,1,0.467707212,0.720126162
122,2,0,0.474058127,0.323286128
122,3,0,0,0.256886708
122,4,0,0,0.427739602
122,5,1,0,0.450926225
122,6,0,0,0.067414786
122,7,1,0,0.235485832
122,8,2,0.24058127,1.015351125
122,9,2,0.753713671,1.696379962
122,10,2,1.350914962,1.197441411
122,11,0,0.426803014,0.166684783
122,12,0,0.138643703,0.532326071
122,13,1,0.549623251,0.564693625
122,14,1,0,0.892536162
123,1,1,0.324973089,0.127259381
123,2,1,0.318622174,0.299477718
123,3,1,0.36598493,0.006762522
123,4,0,0.36598493,0.883160088
123,5,1,0.5131324,1.316412673
123,6,1,0.5131324,0.667951878
123,7,0,0.432615716,0.067212061
123,8,2,0.432615716,0.068558052
123,9,0,0,0.002638598
123,10,0,0,0.096552968
123,11,0,0,0.033142161
123,12,0,0,0.312216533
123,13,1,0,0.961584061
123,14,1,0.453713671,0.242788913
124,1,1,0.560602799,0.005700172
124,2,0,1.150699677,0.300498989
124,3,0,0.721528525,0.04732746
124,4,0,0.137782562,0.260125092
124,5,2,0.698170075,0.110873065
124,6,0,0.032508073,0.539944489
124,7,0,0.730678149,0.037093626
124,8,2,0.342518837,0.700739363
124,9,2,0.796232508,0.920800612
124,10,0,0.453713671,0.823095242
124,11,0,0.388805167,0.376733753
124,12,0,0.805920344,0.150912111
124,13,1,0.94876211,0.401830232
124,14,1,0.178471475,0.100374545
125,1,0,0.275457481,0.302038383
125,2,1,0.818729817,0.446565643
125,3,2,0.123035522,0.645824621
125,4,2,1.340473628,1.443224716
125,5,0,1.146286329,0.436286628
125,6,0,0.911087191,0.647626775
125,7,0,0.926480086,1.130327792
125,8,0,1.025511302,0.259549233
125,9,2,0.213024758,0.62121252
125,10,0,0.885575888,0.462528983
125,11,0,0.885575888,0.783742305
125,12,0,0.318622174,0.678688983
125,13,2,0.453713671,0.489521708
125,14,2,0.453713671,0.094298069
126,1,1,0.624327234,0.844612396
126,2,0,0.630678149,0.9093705
126,3,0,0,0.129085835
126,4,0,0.49386437,0.376350427
126,5,0,0.49386437,0.352336371
126,6,0,0,0.112356278
126,7,0,0,0.62443605
126,8,0,0.899892357,1.516273736
126,9,2,1.115500538,0.696006207
126,10,0,0.027987083,0.068665319
126,11,0,0.487190527,0.156167431
126,12,0,0.243595264,0.02471769
127,1,1,0.265877287,0.740339399
127,2,0,0.009580194,0.343829182
127,3,2,0.690958019,0.438822744
127,4,2,0.875565124,1.018910376
127,5,0,0.985360603,1.204027061
127,6,0,0.531646932,0.551132909
127,7,0,0.566953714,0.990502303
127,8,0,0.007212056,1.571834191
127,9,2,0.57416577,0.897546807
127,10,2,0.453713671,0.276862976
127,11,0,0.825618945,0.696239509
127,12,0,0.077825619,0.335374321
127,13,1,1.055758881,0.024993004
127,14,1,1.392357374,0.965803568
128,1,0,0.006350915,0.256809459
128,2,1,0.645209903,0.629756749
128,3,0,0.128094726,0.226634159
128,4,0,0.773304629,0.721067759
128,5,2,0.294079656,0.051627821
128,6,0,1.067384284,0.423975077
128,7,0,1.286437029,0.924922081
128,8,0,0.901937567,0.691192663
128,9,1,0.388805167,0.782987088
128,10,0,0,0.50428703
128,11,1,0.474058127,0.474736872
128,12,0,1.172228202,0.882889622
128,13,1,1.446071044,1.382289432
128,14,1,0.294187298,0.641121793
129,1,1,0.691926803,0.858061185
129,2,0,0.685575888,0.760909487
129,3,0,0.698170075,0.87906239
129,4,0,0.281377826,0.023793432
129,5,0,0.801399354,0.070926868
129,6,0,0.140473628,0.289663255
129,7,0,0.366953714,0.294693104
129,8,0,0.153928956,0.297131835
129,9,0,0,0.669312101
129,10,0,0.531646932,0.065594734
129,11,1,0.166630786,0.383865928
129,12,0,0.587190527,0.594333525
129,13,1,0.222174381,0.637380636
129,14,0,1.063293864,0.624396835
130,1,0,0.302906351,0.390880086
130,2,0,0.296555436,0.424773548
130,3,1,0,0.052356625
130,4,0,0,0.304066071
130,5,2,0,0.525991994
130,6,1,0.453713671,0.321334136
130,7,1,1.138428418,1.039195828
130,8,1,0.684714747,0.937075808
130,9,0,0.799784715,1.017695951
130,10,0,0.18525296,5.27011E-05
130,11,0,0.225726588,0.780764319
130,12,0,0.388805167,0.037684773
130,13,1,0.880086114,0.26209666
130,14,0,0.880086114,0.807484589
131,1,1,0.006350915,0.530783756
131,2,0,0.531646932,0.359159363
131,3,1,0.083961249,1.563826419
131,4,0,0.220129171,0.188174157
131,5,0,0.092142088,0.384316747
131,6,0,0.058019376,0.943728577
131,7,0,0.124327234,0.086721477
131,8,1,0.879870829,0.262838142
131,9,0,0.695586652,0.264247648
131,10,2,0.376964478,0.253591708
131,11,1,0,0.18960529
131,12,1,0,0.409981565
131,13,2,0.531646932,0.313368687
131,14,0,0.531646932,0.860458029
132,1,1,0.447362756,0.726783965
132,2,1,0.966846071,0.192200634
132,3,1,0.807212056,1.124262565
132,4,0,0.321851453,0.839371743
132,5,0,0.819052745,0.380306428
132,6,1,0.31722282,0.060709192
132,7,1,0.474058127,0.280180598
132,8,1,0.583745963,0.007159458
132,9,1,1.05780409,0.566933795
132,10,1,0.768137783,0.77850681
132,11,1,0.768137783,0.221517801
132,12,0,0.557158235,0.604222316
132,13,0,0.516899892,0.02568657
132,14,2,0.942518837,0.102705667
133,1,1,0.006350915,0.566954801
133,2,0,0.531646932,0.298111032
133,3,0,0.226264801,0.039843343
133,4,0,0.872335845,0.064708572
133,5,0,0.063724435,0.096756564
133,6,0,0.79547901,0.981900587
133,7,0,0.164800861,0.479858637
133,8,0,0,0.014297475
133,9,0,0.549623251,0.086735212
133,10,2,0.129601722,0.46700112
133,11,0,0.679224973,1.273498433
133,12,0,0,0.883104652
133,13,2,0,0.802869078
133,14,1,0,0.215918184
134,1,1,0.006350915,0.068581109
134,2,0,0,0.155837801
134,3,0,0,0.684639361
134,4,2,0.615608181,1.009021025
134,5,2,1.208073197,0.900406401
134,6,0,1.15941873,0.585454631
134,7,1,0.566953714,0.223673947
134,8,1,0,0.297378064
134,9,0,0.630678149,0.440640062
134,10,0,0.630678149,0.490171523
134,11,0,0.531646932,0.617677847
134,12,0,1.466307858,0.364045619
134,13,0,0.592142088,0.914087187
134,14,0,0.090527449,0.701035993
135,1,1,0.426264801,0.148694377
135,2,0,0.432615716,0.03573073
135,3,2,0,0.320948138
135,4,0,0.49386437,0.599718111
135,5,2,0.49386437,0.026512884
135,6,2,0.191496233,1.043452562
135,7,2,0.791496233,1.282963938
135,8,2,0.0868676,1.517994725
135,9,2,0.5131324,0.802004668
135,10,0,0,0.853357486
135,11,0,0.639935414,0.232582423
135,12,0,0.639935414,0.223925893
135,13,1,0.92088267,1.00592092
135,14,1,0.92088267,0.810241578
136,1,1,0.006350915,0.248271879
136,2,1,0.474058127,0.157958399
136,3,1,0.584607104,0.162294805
136,4,0,0.83444564,0.628336802
136,5,0,0.027987083,0.026832074
136,6,0,0.917007535,0.503090877
136,7,1,0.823466093,0.375310077
136,8,1,0.740365985,0.787043706
136,9,0,0,0.32726792
136,10,2,0.083100108,0.088845991
136,11,2,0.406243272,0.065104017
136,12,2,0.790527449,0.263625738
136,13,0,1.382561895,0.232022723
136,14,0,0.998277718,0.089623829
137,1,1,0.116899892,0.527967913
137,2,0,0.110548977,0.438423446
137,3,2,0.269106566,0.664072877
137,4,2,0.241334769,0.626916047
137,5,0,0.027771798,0.67635671
137,6,0,0,0.886575405
137,7,0,0,0.597743187
137,8,0,0,0.28115532
137,9,1,0,0.501872226
137,10,1,0,0.703391198
137,11,0,0,0.312829743
137,12,0,0.6,0.450289461
137,13,0,0.146286329,0.743147287
137,14,0,0.453713671,0.889895202
138,1,0,0.824327234,0.48665652
138,2,0,1.284391819,1.248627301
138,3,0,0.453713671,0.390607569
138,4,1,0,0.174677204
138,5,1,0,0.016536837
138,6,0,0.685575888,0.099775691
138,7,1,0.27459634,0.260749737
138,8,0,0.06846071,0.1934938
138,9,0,0.249946179,0.191591339
138,10,0,0.592465016,0.437046754
138,11,1,0.880086114,1.122236058
138,12,1,0.019806243,0.398228596
138,13,1,0.899892357,0.634400164
138,14,0,0.549623251,0.249317946
139,1,1,0.519483315,0.69019709
139,2,0,0.5131324,0.015783796
139,3,1,0,0.893519087
139,4,0,0,0.187348216
139,5,0,0,0.322655579
139,6,1,0.410979548,0.269965284
139,7,0,0.410979548,0.345887446
139,8,0,0.137782562,0.343771074
139,9,2,0.685683531,0.428707363
139,10,0,0.823466093,0.541244864
139,11,0,0.49386437,0.170245836
139,12,0,0.49386437,0.202432666
139,13,2,0,0.09240257
139,14,1,0.904413348,0.194172761
140,1,1,0.197847147,0.549656967
140,2,0,0.321636168,0.317192189
140,3,1,0.053821313,0.755168981
140,4,0,0.017330463,0.717255505
140,5,1,1.023681378,1.264021929
140,6,1,1.307319699,0.348036881
140,7,1,0.283638321,0.761189337
140,8,1,0.38482239,0.565588301
140,9,1,0.556942949,0.689292284
140,10,0,0.021851453,0.082084774
140,11,0,0.022820237,0.284240821
140,12,0,0.087190527,0.225962406
140,13,1,0.807965554,0.438389638
140,14,0,0.659203445,0.925180024
141,1,0,0.162540366,0.386423051
141,2,1,0.209795479,0.319177057
141,3,2,0.850053821,0.366505201
141,4,0,0.010010764,0.137639884
141,5,2,0.075565124,0.316328711
141,6,0,0.651991389,0.213116821
141,7,0,0.230139935,0.348293674
141,8,0,0.063401507,0.565671206
141,9,1,0.269106566,0.456889032
141,10,1,0.294079656,0.170843323
141,11,0,0.294079656,0.014224203
141,12,1,0.5131324,0.64220981
141,13,1,0.053821313,0.816692741
141,14,1,1.212163617,0.937620593
142,1,1,0.336167922,0.816247889
142,2,0,1.193541442,0.10649589
142,3,1,0.851022605,1.030554649
142,4,0,0.432615716,0.105582384
142,5,1,0.432615716,0.146962387
142,6,0,0,0.327089184
142,7,0,0.685575888,0.077177045
142,8,0,0.685575888,0.405152577
142,9,2,0.685575888,1.517916917
142,10,0,0.172443488,0.392454718
142,11,0,0.831754575,1.14664935
142,12,0,0.265123789,0.166445204
142,13,1,0.392249731,0.328134319
142,14,1,0.282561895,0.151313709
143,1,0,0.158449946,0.145272906
143,2,1,0.618514532,0.552339628
143,3,0,0.671474704,0.331840115
143,4,0,0.217761033,0.172980887
143,5,0,0.566953714,0.817696113
143,6,0,0.704736276,0.461803162
143,7,0,0.137782562,0.253555103
143,8,0,0.400861141,0.819713173
143,9,0,0.400861141,0.754452669
143,10,0,0,0.150460299
143,11,2,0.637997847,0.372184802
143,12,0,0.247362756,0.145348291
143,13,0,0.47911733,0.163761611
143,14,0,0.919375673,0.773611013
144,1,0,0.638858988,0.816597406
144,2,0,0.256404736,0.873877297
144,3,1,0.296770721,0.839451665
144,4,2,1.358234661,1.671413371
144,5,0,0.118622174,0.19648726
144,6,0,1.265339074,1.375934411
144,7,0,1.184176534,1.621017563
144,8,0,1.076103337,0.068673709
144,9,0,0.36598493,0.767892135
144,10,0,0.318622174,0.018486654
144,11,1,1.01679225,0.495966097
144,12,1,1.431001076,0.821382953
144,13,0,0.192142088,0.275691744
144,14,1,0.046824543,0.232084559
145,1,0,0.525296017,0.393236844
145,2,1,1.147255113,1.281572517
145,3,0,0.615608181,0.665160459
145,4,1,0.637997847,0.388563598
145,5,1,1.204951561,1.114967718
145,6,2,0.073089343,0.275043732
145,7,1,0.082884822,0.522497936
145,8,0,0.06846071,0.580419437
145,9,1,0.958127018,1.167213472
145,10,0,1.089666308,1.045732195
145,11,0,0.08525296,0.238212431
145,12,2,0.731324004,0.187240452
145,13,2,0.532185145,0.69487276
145,14,0,1.328417653,1.080487334
146,1,1,0.837029064,0.970368056
146,2,0,0.665877287,0.629824801
146,3,0,0.672981701,0.23989955
146,4,0,0.602798708,0.126792653
146,5,0,0.234983854,0.0068082
146,6,0,0,0.51439775
146,7,0,0,0.67477257
146,8,0,0,0.674997544
146,9,2,0.342518837,0.010597211
146,10,0,0.241227126,0.239565631
146,11,0,1.183745963,0.274693095
146,12,0,0.878148547,0.966437162
146,13,0,0.367061356,0.904051168
146,14,0,0.308503767,0.31961296
147,1,1,0.666307858,0.159641913
147,2,0,0.672658773,0.569666236
147,3,0,0.453713671,0.048211322
147,4,0,0.481485468,0.1553574
147,5,2,0.65780409,1.332766486
147,6,2,1.235199139,1.646043505
147,7,0,0.207104413,0.485807585
147,8,0,0.023896663,0.229482629
147,9,0,0.850269107,0.747907415
147,10,0,0.531646932,0.77515364
147,11,0,0,0.442751463
147,12,0,0.342518837,0.360742571
147,13,2,0.343057051,1.409797298
147,14,2,1.418406889,1.400385364
148,1,0,0.679224973,0.392215139
148,2,1,0.444025834,0.894246742
148,3,0,0.241550054,0.215860231
148,4,0,0,0.29990374
148,5,1,0.342518837,0.367680784
148,6,1,0.342518837,0.175005965
148,7,1,0.334876211,0.301075469
148,8,1,0.146393972,0.015585172
148,9,0,0.934983854,0.243326551
148,10,0,0.697308934,1.084197169
148,11,1,0.02583423,0.666740311
148,12,0,0.261141012,0.256614626
148,13,1,0.643702906,0.277293783
148,14,0,0.677933262,0.185680984
149,1,1,0.104198062,0.731309673
149,2,1,0.110548977,0.6188378
149,3,0,0,0.083279995
149,4,0,0,0.141539331
149,5,0,0.531646932,0.226872867
149,6,0,0.531646932,0.449429526
149,7,1,0,0.014762898
149,8,0,0.659203445,0.281820734
149,9,0,1.423035522,0.462820517
149,10,0,0.354790097,0.961798594
149,11,0,0.250161464,0.462694358
149,12,0,0.659203445,0.432425028
149,13,1,0.204628633,0.32035612
149,14,1,0.637244349,0.362308316
150,1,0,0.534337998,0.445189324
150,2,1,0.540688913,0.446529411
150,3,2,0.453713671,0.308631988
150,4,0,0.434768568,0.124512833
150,5,2,0.472658773,0.099712083
150,6,2,0.066523143,0.299160424
150,7,2,0.91883746,0.773789626
150,8,0,0.503875135,0.652996819
150,9,0,0.65780409,0.836980617
150,10,2,1.301184069,1.655930742
150,11,2,0.934230355,0.837659454
150,12,2,0.065662002,0.307469705
150,13,2,0.301291712,0.906197122
150,14,0,0.129709365,0.444626827
151,1,1,0.679224973,0.32073261
151,2,2,0,0.088731888
151,3,2,0.850376749,0.31519079
151,4,1,0.309257266,0.449720004
151,5,1,0.416254037,0.632535054
151,6,0,0.117007535,0.209738171
151,7,1,0.773304629,0.772592167
151,8,1,0.782454252,0.958877287
151,9,2,0.782454252,0.790630116
151,10,0,0.973304629,0.998905395
151,11,1,1.164800861,0.754124903
151,12,0,0.191496233,0.162689815
151,13,1,0.243595264,0.340900044
151,14,1,1.081377826,1.092634007
152,1,1,0.638858988,0.599083398
152,2,0,0.052960172,0.220313133
152,3,0,0.967276642,0.800473726
152,4,0,0.406889128,0.155555464
152,5,1,0.456404736,0.16406775
152,6,1,0.318622174,0.266646792
152,7,0,0,0.245702203
152,8,0,0.630678149,0.442394736
152,9,2,0.136813778,1.711088543
152,10,0,0.321959096,0.174443654
152,11,1,0.266200215,0.574972579
152,12,1,0.605166846,0.719497664
152,13,0,0.398062433,0.788870719
152,14,0,0.048439182,0.962341577
153,1,0,0.006350915,0.554664754
153,2,1,0.330570506,0.756236614
153,3,1,0.696555436,0.155587346
153,4,0,0.36598493,0.565285146
153,5,1,0.453713671,0.776809747
153,6,0,0.020344456,0.3627651
153,7,1,0.474058127,0.691840085
153,8,1,0.217761033,0.58308799
153,9,0,0.546071044,0.254937761
153,10,1,0.763832078,0.301592537
153,11,1,0.137782562,0.612707692
153,12,0,0.650914962,0.264408983
153,13,0,0.029063509,0.080711748
153,14,1,0.484068891,0.898318244
154,1,0,0.523466093,0.289824218
154,2,0,0.517115178,0.110090379
154,3,0,0,0.337556569
154,4,0,0.698170075,0.212271242
154,5,1,1.064155005,0.296867335
154,6,0,1.011194833,1.026970103
154,7,1,0.212594187,0.658137166
154,8,1,0.099031216,0.415217495
154,9,1,0.035306781,0.574590247
154,10,1,0.932938644,0.182587715
154,11,0,0.557481163,0.539275905
154,12,1,0.191496233,0.709522115
154,13,0,0,0.354799029
154,14,1,0.750592034,0.570368814
